warmup,seed,epoch,rec,kl
0,0,1,191.4768,1.2427
0,0,2,157.4574,2.4801
0,0,3,152.2565,2.5895
0,0,4,145.7432,2.6314
0,0,5,139.5631,2.9561
0,0,6,136.0043,3.2295
0,0,7,134.5461,3.3368
0,0,8,133.0168,3.3807
0,0,9,131.7855,3.5222
0,0,10,130.3127,3.7275
0,0,11,129.1991,3.6758
0,0,12,128.8202,3.6975
0,0,13,128.1266,3.8555
0,0,14,127.5962,3.8931
0,0,15,127.2335,3.8655
0,0,16,126.4805,3.9799
0,0,17,126.0933,4.0380
0,0,18,125.6334,4.1373
0,0,19,125.7085,3.9927
0,0,20,125.4279,4.1463
0,0,21,124.6822,4.2231
0,0,22,124.2895,4.2394
0,0,23,124.1177,4.2585
0,0,24,123.7963,4.3550
0,0,25,123.3928,4.2848
0,0,26,123.0979,4.3031
0,0,27,122.7273,4.3523
0,0,28,122.8439,4.3358
0,0,29,122.7089,4.3971
0,0,30,122.2769,4.4544
0,0,31,122.2099,4.4274
0,0,32,122.1003,4.3332
0,0,33,121.8568,4.4091
0,0,34,121.9406,4.4851
0,0,35,122.0055,4.5205
0,0,36,121.6229,4.3846
0,0,37,121.5630,4.4882
0,0,38,121.3178,4.5550
0,0,39,121.2200,4.5334
0,0,40,121.2947,4.5193
0,0,41,121.0441,4.5368
0,0,42,121.2724,4.4943
0,0,43,120.8588,4.6079
0,0,44,120.7540,4.5487
0,0,45,120.6434,4.5635
0,0,46,120.7486,4.6350
0,0,47,120.4311,4.7235
0,0,48,120.5638,4.5846
0,0,49,120.4647,4.6803
0,0,50,120.5425,4.5750
0,0,51,120.4744,4.6351
0,0,52,120.3464,4.5637
0,0,53,120.1613,4.6001
0,0,54,120.2605,4.6745
0,0,55,120.1186,4.6603
0,0,56,119.9323,4.6439
0,0,57,119.9487,4.6824
0,0,58,120.0062,4.7843
0,0,59,119.8146,4.6856
0,0,60,119.7624,4.7123
0,0,61,119.6561,4.7501
0,0,62,119.6423,4.6809
0,0,63,119.5809,4.6814
0,0,64,119.3164,4.7141
0,0,65,119.4849,4.6897
0,0,66,119.9430,4.6877
0,0,67,119.8025,4.6674
0,0,68,119.3747,4.7356
0,0,69,119.2664,4.7551
0,0,70,119.3464,4.6884
0,0,71,119.0636,4.7900
0,0,72,119.1529,4.7334
0,0,73,119.1866,4.7979
0,0,74,119.4497,4.7198
0,0,75,119.0816,4.7706
0,0,76,118.7251,4.7557
0,0,77,118.8151,4.6347
0,0,78,118.8004,4.7636
0,0,79,118.8406,4.8112
0,0,80,118.8161,4.7595
0,0,81,118.6279,4.8608
0,0,82,118.7420,4.8118
0,0,83,118.6771,4.8431
0,0,84,118.6418,4.8548
0,0,85,118.6747,4.7707
0,0,86,118.5237,4.8225
0,0,87,118.3275,4.8901
0,0,88,118.6377,4.7671
0,0,89,118.5331,4.9070
0,0,90,118.3412,4.9065
0,0,91,118.2478,4.8611
0,0,92,118.1831,4.9510
0,0,93,118.2324,4.8507
0,0,94,118.2866,4.7740
0,0,95,118.1121,4.9516
0,0,96,118.0797,4.8897
0,0,97,117.9635,4.9426
0,0,98,117.9494,4.8923
0,0,99,117.8932,4.8605
0,0,100,117.9692,4.9097
0,0,101,118.0458,4.9432
0,0,102,118.2053,4.8958
0,0,103,118.2018,4.8214
0,0,104,118.0264,4.9783
0,0,105,117.8798,4.9023
0,0,106,117.8917,4.9589
0,0,107,118.0061,4.8690
0,0,108,117.8536,4.9627
0,0,109,117.8237,4.9476
0,0,110,117.6547,4.9382
0,0,111,117.4928,4.9854
0,0,112,117.5400,4.9119
0,0,113,117.5839,5.0108
0,0,114,117.6710,4.9193
0,0,115,117.7327,4.9681
0,0,116,117.2877,5.0920
0,0,117,117.4272,4.9476
0,0,118,117.2278,5.0316
0,0,119,117.4469,4.8603
0,0,120,117.5185,5.0207
0,0,121,117.3951,5.0141
0,0,122,117.3976,5.0770
0,0,123,117.2886,4.9933
0,0,124,117.1228,5.0630
0,0,125,117.2355,4.9744
0,0,126,117.0665,5.0396
0,0,127,117.3339,4.9403
0,0,128,117.1770,5.0335
0,0,129,116.9945,4.9633
0,0,130,117.1688,4.9994
0,0,131,117.0849,5.0541
0,0,132,117.1142,5.0514
0,0,133,116.9876,5.1365
0,0,134,116.9894,4.9331
0,0,135,116.9189,5.0318
0,0,136,116.8656,5.1081
0,0,137,117.0665,5.0012
0,0,138,117.1685,4.9982
0,0,139,117.1422,5.0469
0,0,140,117.0218,5.0680
0,0,141,116.7717,5.1373
0,0,142,116.8609,5.0229
0,0,143,117.1610,5.0565
0,0,144,117.0710,5.0320
0,0,145,116.6598,5.1451
0,0,146,116.6631,5.0259
0,0,147,116.5760,5.1365
0,0,148,116.6819,5.1325
0,0,149,116.7348,5.0658
0,0,150,116.6149,5.1844
0,0,151,116.7432,5.0518
0,0,152,116.7257,5.0761
0,0,153,116.7145,5.1020
0,0,154,116.7061,5.0882
0,0,155,116.6381,5.0705
0,0,156,116.7167,5.1323
0,0,157,116.5140,5.1248
0,0,158,116.5118,5.0534
0,0,159,116.4588,5.1651
0,0,160,116.6810,5.0819
0,0,161,116.7009,4.9492
0,0,162,116.3134,5.1759
0,0,163,116.3084,5.1216
0,0,164,116.3416,5.0722
0,0,165,116.1938,5.1785
0,0,166,116.2956,5.1562
0,0,167,116.1901,5.1164
0,0,168,116.3499,5.0762
0,0,169,116.3513,5.2594
0,0,170,116.3346,5.1128
0,0,171,116.0800,5.2669
0,0,172,116.0495,5.1262
0,0,173,116.1070,5.1870
0,0,174,116.0823,5.1557
0,0,175,115.9262,5.0479
0,0,176,116.0832,5.1400
0,0,177,116.1622,5.1778
0,0,178,115.9777,5.1814
0,0,179,116.0569,5.1352
0,0,180,115.8769,5.1508
0,0,181,115.9446,5.1322
0,0,182,115.9937,5.1860
0,0,183,115.9504,5.1351
0,0,184,115.9234,5.1802
0,0,185,115.9327,5.1697
0,0,186,115.8655,5.1954
0,0,187,115.9964,5.1884
0,0,188,115.8679,5.1837
0,0,189,115.7703,5.2415
0,0,190,115.5585,5.2464
0,0,191,115.8516,5.1852
0,0,192,115.6908,5.2167
0,0,193,115.8558,5.1799
0,0,194,115.7327,5.2287
0,0,195,115.8632,5.2810
0,0,196,115.8261,5.1956
0,0,197,115.6781,5.1635
0,0,198,115.6832,5.2746
0,0,199,115.6404,5.2271
0,0,200,115.6651,5.1887
0,0,201,115.6745,5.3251
0,0,202,115.6949,5.1900
0,0,203,115.6767,5.2596
0,0,204,115.8565,5.1837
0,0,205,115.6580,5.2547
0,0,206,115.7524,5.2750
0,0,207,115.7314,5.1735
0,0,208,115.5360,5.2741
0,0,209,115.5777,5.2572
0,0,210,115.5248,5.3431
0,0,211,115.5443,5.2261
0,0,212,115.6165,5.3108
0,0,213,115.6529,5.1878
0,0,214,115.5014,5.2305
0,0,215,115.4033,5.3082
0,0,216,115.4555,5.2268
0,0,217,115.4766,5.2897
0,0,218,115.5960,5.2088
0,0,219,115.2911,5.2950
0,0,220,115.3053,5.3042
0,0,221,115.5521,5.3354
0,0,222,115.4827,5.2649
0,0,223,115.3089,5.3088
0,0,224,115.3210,5.2751
0,0,225,115.3942,5.2539
0,0,226,115.3491,5.3195
0,0,227,115.3707,5.2227
0,0,228,115.2142,5.3418
0,0,229,115.2728,5.3383
0,0,230,115.3960,5.2927
0,0,231,115.2099,5.2946
0,0,232,115.2596,5.3370
0,0,233,115.1643,5.2364
0,0,234,115.0725,5.3410
0,0,235,115.0672,5.2241
0,0,236,115.1735,5.3465
0,0,237,115.1256,5.3540
0,0,238,115.1529,5.2897
0,0,239,115.1050,5.2012
0,0,240,114.9665,5.4331
0,0,241,115.2343,5.2890
0,0,242,114.9025,5.3040
0,0,243,114.9051,5.3853
0,0,244,115.0979,5.2450
0,0,245,115.0804,5.3365
0,0,246,114.9270,5.4250
0,0,247,114.9652,5.3845
0,0,248,115.1647,5.2513
0,0,249,115.0348,5.3684
0,0,250,114.8976,5.3184
0,0,251,114.8647,5.4076
0,0,252,114.9233,5.3143
0,0,253,114.9145,5.3628
0,0,254,114.9307,5.3203
0,0,255,114.8854,5.3820
0,0,256,114.9338,5.3158
0,0,257,114.9112,5.3678
0,0,258,114.9151,5.3214
0,0,259,115.0037,5.4036
0,0,260,114.9994,5.2686
0,0,261,114.9134,5.3882
0,0,262,114.8405,5.3440
0,0,263,114.6351,5.4173
0,0,264,114.8065,5.3741
0,0,265,114.7368,5.3724
0,0,266,114.8526,5.4340
0,0,267,114.8930,5.3899
0,0,268,114.8383,5.3494
0,0,269,114.6493,5.3500
0,0,270,114.7463,5.4004
0,0,271,114.6112,5.3670
0,0,272,114.5353,5.4282
0,0,273,114.6068,5.3654
0,0,274,114.7138,5.3760
0,0,275,114.7661,5.3853
0,0,276,114.7777,5.2845
0,0,277,114.5903,5.4195
0,0,278,114.5332,5.3774
0,0,279,114.5569,5.3851
0,0,280,114.4780,5.3861
0,0,281,114.5133,5.3511
0,0,282,114.8232,5.3606
0,0,283,114.5814,5.3555
0,0,284,114.5966,5.4774
0,0,285,114.6522,5.3410
0,0,286,114.7070,5.4230
0,0,287,114.3708,5.4825
0,0,288,114.5365,5.3478
0,0,289,114.6078,5.4229
0,0,290,114.5002,5.4572
0,0,291,114.4037,5.3880
0,0,292,114.3653,5.5053
0,0,293,114.5653,5.4024
0,0,294,114.5281,5.3698
0,0,295,114.4504,5.4163
0,0,296,114.5511,5.3519
0,0,297,114.5955,5.4182
0,0,298,114.4979,5.4265
0,0,299,114.4576,5.4494
0,0,300,114.3605,5.4166
0,0,301,114.5745,5.3952
0,0,302,114.3177,5.4468
0,0,303,114.2805,5.4019
0,0,304,114.2952,5.4318
0,0,305,114.2819,5.4675
0,0,306,114.2632,5.4001
0,0,307,114.3026,5.4472
0,0,308,114.2168,5.4666
0,0,309,114.2431,5.4756
0,0,310,114.4473,5.4233
0,0,311,114.3212,5.4072
0,0,312,114.3287,5.4473
0,0,313,114.4876,5.4620
0,0,314,114.3208,5.4639
0,0,315,114.1469,5.3967
0,0,316,114.2893,5.4366
0,0,317,114.1685,5.4719
0,0,318,114.2209,5.4913
0,0,319,114.0933,5.4876
0,0,320,114.2099,5.4411
0,0,321,114.0257,5.5786
0,0,322,114.2232,5.3896
0,0,323,114.0776,5.4096
0,0,324,113.9930,5.5777
0,0,325,114.1392,5.4172
0,0,326,114.0476,5.5429
0,0,327,114.0653,5.5889
0,0,328,114.1545,5.4570
0,0,329,114.0239,5.4852
0,0,330,114.0580,5.4827
0,0,331,114.2414,5.5341
0,0,332,114.1270,5.4300
0,0,333,113.9530,5.5718
0,0,334,114.0969,5.5229
0,0,335,113.9011,5.5427
0,0,336,114.1784,5.3968
0,0,337,114.0781,5.4661
0,0,338,114.1938,5.4501
0,0,339,114.2254,5.5194
0,0,340,114.1019,5.5313
0,0,341,114.0088,5.5358
0,0,342,114.1977,5.4349
0,0,343,114.0845,5.4592
0,0,344,114.2206,5.4318
0,0,345,114.2216,5.4252
0,0,346,113.9317,5.5307
0,0,347,113.8244,5.5590
0,0,348,114.1574,5.4938
0,0,349,114.0298,5.4898
0,0,350,113.8020,5.4297
0,0,351,113.8454,5.4442
0,0,352,113.8059,5.5047
0,0,353,113.8760,5.4653
0,0,354,113.7661,5.5405
0,0,355,113.7659,5.5777
0,0,356,113.9241,5.4790
0,0,357,113.7739,5.5131
0,0,358,113.9339,5.4432
0,0,359,113.9611,5.5266
0,0,360,113.9417,5.4405
0,0,361,113.7317,5.5455
0,0,362,113.8509,5.5363
0,0,363,113.7221,5.5819
0,0,364,113.8074,5.5298
0,0,365,113.6701,5.5515
0,0,366,113.6954,5.5149
0,0,367,113.6740,5.5937
0,0,368,113.7420,5.5075
0,0,369,113.6249,5.5568
0,0,370,113.8756,5.5715
0,0,371,114.1085,5.4718
0,0,372,113.8041,5.5071
0,0,373,113.7272,5.6535
0,0,374,113.7420,5.4770
0,0,375,113.6819,5.5490
0,0,376,113.7550,5.5553
0,0,377,113.7104,5.6008
0,0,378,113.7697,5.4612
0,0,379,113.7027,5.4529
0,0,380,113.6911,5.6036
0,0,381,113.6203,5.5382
0,0,382,113.6786,5.5142
0,0,383,113.6465,5.5478
0,0,384,113.7028,5.4982
0,0,385,113.7831,5.4837
0,0,386,113.6539,5.6180
0,0,387,113.6936,5.5526
0,0,388,113.5774,5.4680
0,0,389,113.5504,5.6511
0,0,390,113.6843,5.5187
0,0,391,113.5288,5.6168
0,0,392,113.5353,5.5425
0,0,393,113.4217,5.5720
0,0,394,113.3667,5.5925
0,0,395,113.4728,5.5656
0,0,396,113.4314,5.5944
0,0,397,113.4415,5.5462
0,0,398,113.5340,5.5952
0,0,399,113.5545,5.6510
0,0,400,113.5275,5.5752
0,1,1,196.0171,1.6051
0,1,2,159.5389,2.1592
0,1,3,152.2274,1.9800
0,1,4,146.6945,2.2192
0,1,5,143.6076,2.4212
0,1,6,141.0996,2.7306
0,1,7,138.9974,2.9652
0,1,8,137.2697,3.1128
0,1,9,135.8635,3.3002
0,1,10,134.8610,3.3204
0,1,11,133.8319,3.4037
0,1,12,132.9655,3.4430
0,1,13,131.9923,3.5498
0,1,14,131.0429,3.6150
0,1,15,130.0329,3.7476
0,1,16,129.4140,3.7343
0,1,17,128.8531,3.7362
0,1,18,128.0461,3.8730
0,1,19,127.4982,3.7933
0,1,20,127.0370,3.9822
0,1,21,126.8032,3.9077
0,1,22,126.4389,3.9377
0,1,23,126.0105,3.9308
0,1,24,125.5679,4.0715
0,1,25,125.5468,4.0950
0,1,26,125.1262,4.1626
0,1,27,125.1022,4.1405
0,1,28,124.5920,4.2790
0,1,29,124.2015,4.2391
0,1,30,124.1501,4.1551
0,1,31,123.9133,4.2392
0,1,32,123.6130,4.3121
0,1,33,123.3153,4.3734
0,1,34,123.3960,4.2968
0,1,35,123.1140,4.3535
0,1,36,122.8514,4.3931
0,1,37,122.8874,4.4422
0,1,38,122.7551,4.4757
0,1,39,122.4054,4.4026
0,1,40,122.1874,4.4997
0,1,41,122.0049,4.4921
0,1,42,121.9347,4.4681
0,1,43,121.9262,4.4955
0,1,44,121.6202,4.5770
0,1,45,121.4017,4.5565
0,1,46,121.2223,4.4373
0,1,47,121.1568,4.5071
0,1,48,121.4281,4.4051
0,1,49,120.8684,4.6581
0,1,50,120.9331,4.5084
0,1,51,120.8734,4.6377
0,1,52,120.5011,4.6158
0,1,53,120.8365,4.4360
0,1,54,120.7368,4.6575
0,1,55,120.5193,4.6626
0,1,56,120.3112,4.6934
0,1,57,120.2192,4.6719
0,1,58,120.2234,4.7339
0,1,59,120.1813,4.5974
0,1,60,120.0517,4.6812
0,1,61,120.1378,4.6383
0,1,62,119.9767,4.7525
0,1,63,119.8485,4.5828
0,1,64,119.7869,4.5946
0,1,65,119.6679,4.6764
0,1,66,119.6827,4.6838
0,1,67,119.6733,4.7019
0,1,68,120.0149,4.6423
0,1,69,119.7294,4.8064
0,1,70,119.6737,4.6878
0,1,71,119.3394,4.7314
0,1,72,119.2874,4.6562
0,1,73,119.3430,4.6726
0,1,74,119.1684,4.8840
0,1,75,119.3455,4.7695
0,1,76,119.3664,4.7227
0,1,77,119.2834,4.7495
0,1,78,119.0921,4.7585
0,1,79,119.0802,4.7050
0,1,80,119.1644,4.8747
0,1,81,119.1364,4.6857
0,1,82,118.8999,4.7557
0,1,83,118.9194,4.7370
0,1,84,118.8388,4.8627
0,1,85,118.8219,4.7436
0,1,86,118.8918,4.7943
0,1,87,119.1661,4.8350
0,1,88,118.8297,4.7733
0,1,89,118.5415,4.8923
0,1,90,118.6094,4.8564
0,1,91,118.8200,4.7986
0,1,92,118.7981,4.7588
0,1,93,118.5865,4.8626
0,1,94,118.3397,4.8931
0,1,95,118.3941,4.8353
0,1,96,118.3873,4.8420
0,1,97,118.4170,4.7883
0,1,98,118.3374,4.9439
0,1,99,118.3409,4.8552
0,1,100,118.5173,4.7327
0,1,101,118.3670,4.9031
0,1,102,118.4596,4.8407
0,1,103,118.4203,4.8563
0,1,104,118.0321,4.9400
0,1,105,118.1043,4.8092
0,1,106,118.0136,4.9643
0,1,107,117.9747,4.8593
0,1,108,117.9225,4.9777
0,1,109,118.0420,4.8721
0,1,110,117.8019,4.9648
0,1,111,117.8895,4.8724
0,1,112,117.6469,4.9960
0,1,113,117.8328,4.9436
0,1,114,117.9241,4.9243
0,1,115,117.7544,4.9428
0,1,116,117.7863,4.9849
0,1,117,117.5936,4.9122
0,1,118,117.7658,4.9056
0,1,119,117.6246,5.0161
0,1,120,117.5779,4.9770
0,1,121,117.6264,4.9262
0,1,122,117.5393,5.0629
0,1,123,117.5298,4.9633
0,1,124,117.5200,4.9665
0,1,125,117.6690,5.0219
0,1,126,117.5595,4.9310
0,1,127,117.3048,5.0306
0,1,128,117.1065,5.0868
0,1,129,117.1972,4.9152
0,1,130,117.2833,4.9732
0,1,131,117.3300,5.0903
0,1,132,117.4164,5.0021
0,1,133,117.5934,4.9315
0,1,134,117.2332,5.0092
0,1,135,117.1919,5.0320
0,1,136,117.1190,4.9913
0,1,137,117.0630,5.0498
0,1,138,117.1600,5.0389
0,1,139,117.2039,4.9963
0,1,140,116.9413,5.1075
0,1,141,117.0621,4.9582
0,1,142,116.9623,5.1436
0,1,143,117.1783,4.9756
0,1,144,116.8765,5.0620
0,1,145,116.9301,5.0598
0,1,146,116.8454,5.0973
0,1,147,116.7246,5.0595
0,1,148,116.8310,5.0941
0,1,149,116.8754,5.0856
0,1,150,116.6641,5.0845
0,1,151,116.7188,5.1373
0,1,152,116.5704,5.1124
0,1,153,116.5957,5.1578
0,1,154,116.5958,5.2018
0,1,155,116.5950,5.1115
0,1,156,116.5263,5.1019
0,1,157,116.5938,5.1628
0,1,158,116.7030,5.1396
0,1,159,116.6244,5.2226
0,1,160,116.5165,5.0630
0,1,161,116.4340,5.1920
0,1,162,116.5103,5.0423
0,1,163,116.4581,5.2173
0,1,164,116.4864,5.0619
0,1,165,116.3746,5.1255
0,1,166,116.2860,5.1812
0,1,167,116.2925,5.0722
0,1,168,116.0619,5.1688
0,1,169,116.0924,5.2145
0,1,170,116.2034,5.1546
0,1,171,116.2429,5.2412
0,1,172,116.1465,5.1337
0,1,173,116.3083,5.1832
0,1,174,116.5717,5.1053
0,1,175,116.4217,5.2177
0,1,176,116.1482,5.1503
0,1,177,116.1131,5.1977
0,1,178,115.9537,5.2748
0,1,179,116.0009,5.1147
0,1,180,115.9192,5.2356
0,1,181,116.0403,5.1725
0,1,182,115.9926,5.2150
0,1,183,115.9118,5.1415
0,1,184,115.6699,5.2019
0,1,185,115.7809,5.1716
0,1,186,115.8169,5.1568
0,1,187,115.7784,5.2503
0,1,188,115.7606,5.1256
0,1,189,115.7794,5.1972
0,1,190,115.6979,5.2969
0,1,191,115.7032,5.3007
0,1,192,115.7185,5.2486
0,1,193,115.7145,5.1693
0,1,194,115.7236,5.2203
0,1,195,115.7100,5.1847
0,1,196,115.5987,5.2962
0,1,197,115.6342,5.2495
0,1,198,115.5682,5.2557
0,1,199,115.5165,5.2468
0,1,200,115.5547,5.1684
0,1,201,115.6058,5.2281
0,1,202,115.7015,5.2973
0,1,203,115.4667,5.2849
0,1,204,115.4716,5.2308
0,1,205,115.4694,5.2457
0,1,206,115.4777,5.2474
0,1,207,115.4130,5.3155
0,1,208,115.3809,5.2537
0,1,209,115.4940,5.3084
0,1,210,115.4504,5.2472
0,1,211,115.3909,5.3442
0,1,212,115.4845,5.2095
0,1,213,115.4354,5.2609
0,1,214,115.3095,5.3522
0,1,215,115.3211,5.2724
0,1,216,115.2120,5.3493
0,1,217,115.2176,5.3385
0,1,218,115.4205,5.2904
0,1,219,115.2144,5.4059
0,1,220,115.2230,5.2711
0,1,221,115.3348,5.3088
0,1,222,115.1601,5.2991
0,1,223,115.2055,5.2953
0,1,224,115.3037,5.2195
0,1,225,115.1689,5.3097
0,1,226,115.2213,5.3173
0,1,227,115.1025,5.3599
0,1,228,115.0329,5.4706
0,1,229,115.1723,5.2558
0,1,230,114.9365,5.3752
0,1,231,115.0511,5.2802
0,1,232,115.1819,5.3008
0,1,233,114.9420,5.4442
0,1,234,114.9496,5.3472
0,1,235,115.3242,5.2710
0,1,236,115.0366,5.3707
0,1,237,115.0532,5.3468
0,1,238,115.0488,5.3445
0,1,239,114.8777,5.3536
0,1,240,114.8197,5.3929
0,1,241,114.8759,5.3708
0,1,242,114.9402,5.2413
0,1,243,114.7703,5.3996
0,1,244,114.7460,5.3601
0,1,245,114.8597,5.3834
0,1,246,114.8612,5.3907
0,1,247,114.8568,5.3319
0,1,248,114.8522,5.3653
0,1,249,114.9296,5.2861
0,1,250,114.6711,5.3733
0,1,251,114.8518,5.3910
0,1,252,114.8400,5.3652
0,1,253,114.6186,5.3536
0,1,254,114.6996,5.3794
0,1,255,114.6984,5.3895
0,1,256,114.6606,5.4190
0,1,257,114.7244,5.3572
0,1,258,114.8442,5.2724
0,1,259,114.7524,5.4293
0,1,260,114.7454,5.2705
0,1,261,114.6698,5.4137
0,1,262,114.6860,5.4596
0,1,263,114.6484,5.4116
0,1,264,114.5499,5.3669
0,1,265,114.5233,5.4257
0,1,266,114.6137,5.3735
0,1,267,114.5257,5.4704
0,1,268,114.5663,5.3736
0,1,269,114.6658,5.3513
0,1,270,114.5745,5.4820
0,1,271,114.5069,5.3984
0,1,272,114.5472,5.4043
0,1,273,114.3948,5.4091
0,1,274,114.4777,5.4198
0,1,275,114.4625,5.3944
0,1,276,114.4311,5.4275
0,1,277,114.4152,5.4323
0,1,278,114.3288,5.4340
0,1,279,114.3483,5.4966
0,1,280,114.5576,5.3584
0,1,281,114.3648,5.4216
0,1,282,114.3396,5.3861
0,1,283,114.3254,5.4853
0,1,284,114.3978,5.3592
0,1,285,114.3456,5.4387
0,1,286,114.4550,5.3936
0,1,287,114.2794,5.5121
0,1,288,114.2785,5.3861
0,1,289,114.2679,5.3955
0,1,290,114.2811,5.4627
0,1,291,114.2770,5.3613
0,1,292,114.3503,5.4435
0,1,293,114.1512,5.6020
0,1,294,114.4918,5.3068
0,1,295,114.3679,5.5256
0,1,296,114.3433,5.4741
0,1,297,114.2110,5.4589
0,1,298,114.1860,5.4524
0,1,299,114.2784,5.4477
0,1,300,114.2091,5.4221
0,1,301,114.3520,5.5505
0,1,302,114.0983,5.4636
0,1,303,114.2086,5.4387
0,1,304,114.0472,5.5138
0,1,305,114.2504,5.4555
0,1,306,114.3284,5.4668
0,1,307,114.1827,5.4605
0,1,308,114.2535,5.5347
0,1,309,114.2154,5.4376
0,1,310,114.1789,5.4188
0,1,311,114.2336,5.4914
0,1,312,114.0828,5.5316
0,1,313,114.1019,5.4196
0,1,314,114.1858,5.4995
0,1,315,114.3535,5.4655
0,1,316,114.2820,5.3997
0,1,317,114.0535,5.5524
0,1,318,114.0662,5.4316
0,1,319,114.0495,5.4621
0,1,320,114.0652,5.4987
0,1,321,114.0647,5.4398
0,1,322,114.0152,5.5064
0,1,323,113.9773,5.5550
0,1,324,113.9303,5.4844
0,1,325,113.9605,5.5012
0,1,326,113.9210,5.5218
0,1,327,113.9253,5.5624
0,1,328,113.9057,5.4739
0,1,329,113.9288,5.5210
0,1,330,113.7941,5.5485
0,1,331,113.8479,5.4819
0,1,332,113.8840,5.4786
0,1,333,114.0125,5.4003
0,1,334,114.0846,5.5474
0,1,335,113.9707,5.4402
0,1,336,113.8597,5.5913
0,1,337,113.8971,5.4668
0,1,338,113.7481,5.5533
0,1,339,113.7987,5.5056
0,1,340,113.8096,5.4510
0,1,341,113.7631,5.5314
0,1,342,113.8538,5.4839
0,1,343,113.8343,5.5283
0,1,344,113.8877,5.5086
0,1,345,113.7526,5.5815
0,1,346,113.9949,5.4619
0,1,347,113.8635,5.4997
0,1,348,113.6951,5.5790
0,1,349,113.7092,5.5306
0,1,350,113.6882,5.4727
0,1,351,113.5332,5.5728
0,1,352,113.6954,5.4932
0,1,353,113.6931,5.5505
0,1,354,113.7001,5.5067
0,1,355,113.6916,5.5730
0,1,356,113.6879,5.5460
0,1,357,113.6171,5.4719
0,1,358,113.7338,5.4956
0,1,359,113.8146,5.5223
0,1,360,113.6807,5.5462
0,1,361,113.5774,5.5357
0,1,362,113.4403,5.6004
0,1,363,113.5904,5.5206
0,1,364,113.5796,5.5003
0,1,365,113.5251,5.5398
0,1,366,113.6119,5.4830
0,1,367,113.6536,5.5517
0,1,368,113.5783,5.5981
0,1,369,113.6606,5.5039
0,1,370,113.5480,5.5790
0,1,371,113.4087,5.5951
0,1,372,113.5713,5.5068
0,1,373,113.4933,5.5575
0,1,374,113.6071,5.5738
0,1,375,113.5630,5.5452
0,1,376,113.5162,5.5658
0,1,377,113.6027,5.4752
0,1,378,113.4105,5.6077
0,1,379,113.8734,5.3889
0,1,380,113.6079,5.6532
0,1,381,113.4452,5.6456
0,1,382,113.4116,5.5971
0,1,383,113.3651,5.6472
0,1,384,113.4316,5.5053
0,1,385,113.3110,5.5238
0,1,386,113.4745,5.5922
0,1,387,113.3907,5.6043
0,1,388,113.4947,5.6028
0,1,389,113.4378,5.5793
0,1,390,113.4435,5.6154
0,1,391,113.3524,5.5827
0,1,392,113.4421,5.5830
0,1,393,113.4781,5.5480
0,1,394,113.4178,5.5377
0,1,395,113.6287,5.5958
0,1,396,113.6289,5.6182
0,1,397,113.6517,5.5671
0,1,398,113.2640,5.5907
0,1,399,113.3042,5.5684
0,1,400,113.3973,5.6124
0,2,1,176.9472,2.1429
0,2,2,154.4717,2.4963
0,2,3,145.4045,2.6540
0,2,4,139.8267,3.0523
0,2,5,135.6913,3.2626
0,2,6,133.0406,3.3695
0,2,7,130.6857,3.6164
0,2,8,129.3762,3.6643
0,2,9,128.5632,3.7014
0,2,10,127.6660,3.9027
0,2,11,127.0165,3.8963
0,2,12,126.6047,4.0152
0,2,13,125.9558,3.9667
0,2,14,125.5564,4.0540
0,2,15,125.1033,4.0969
0,2,16,124.6852,4.1891
0,2,17,124.3159,4.1241
0,2,18,123.9294,4.2320
0,2,19,123.7964,4.2007
0,2,20,123.6517,4.3346
0,2,21,123.2428,4.2901
0,2,22,122.8781,4.2644
0,2,23,122.7694,4.4069
0,2,24,122.6106,4.2958
0,2,25,122.3930,4.3725
0,2,26,122.2846,4.4514
0,2,27,122.1311,4.4817
0,2,28,121.9183,4.4431
0,2,29,121.6970,4.4132
0,2,30,121.5103,4.5793
0,2,31,121.7289,4.4498
0,2,32,121.3439,4.5511
0,2,33,121.3262,4.5960
0,2,34,121.2765,4.5447
0,2,35,120.9780,4.5854
0,2,36,120.9419,4.4751
0,2,37,121.0601,4.6728
0,2,38,120.9074,4.5359
0,2,39,120.7760,4.5161
0,2,40,120.3693,4.6359
0,2,41,120.3530,4.5768
0,2,42,120.3172,4.6795
0,2,43,120.3387,4.5875
0,2,44,120.3022,4.6008
0,2,45,120.8323,4.5443
0,2,46,120.5358,4.7375
0,2,47,120.3188,4.6056
0,2,48,119.9832,4.6588
0,2,49,119.9218,4.7067
0,2,50,119.8236,4.6066
0,2,51,119.8352,4.6995
0,2,52,119.9149,4.6523
0,2,53,119.7907,4.7632
0,2,54,119.6111,4.7284
0,2,55,119.8171,4.7260
0,2,56,119.9456,4.7389
0,2,57,119.5513,4.6560
0,2,58,119.3599,4.7728
0,2,59,119.3100,4.7707
0,2,60,119.2339,4.7510
0,2,61,119.2172,4.7749
0,2,62,119.1023,4.7306
0,2,63,119.0632,4.8339
0,2,64,119.0911,4.8371
0,2,65,119.0860,4.8145
0,2,66,119.0877,4.7342
0,2,67,119.0588,4.7789
0,2,68,118.8597,4.8639
0,2,69,118.8889,4.7021
0,2,70,118.9293,4.8268
0,2,71,118.8564,4.8083
0,2,72,118.6382,4.8499
0,2,73,118.8187,4.7760
0,2,74,118.8145,4.7867
0,2,75,118.7026,4.8542
0,2,76,118.5104,4.9230
0,2,77,118.5578,4.8058
0,2,78,118.4308,4.8537
0,2,79,118.3801,4.8469
0,2,80,118.2646,4.8235
0,2,81,118.3955,4.7798
0,2,82,118.3338,4.8653
0,2,83,118.1893,4.8503
0,2,84,118.2578,4.9198
0,2,85,118.4926,4.8037
0,2,86,118.2090,4.9055
0,2,87,118.3084,4.8489
0,2,88,118.1095,4.8797
0,2,89,118.0789,4.9310
0,2,90,117.9263,4.8256
0,2,91,117.9335,4.9780
0,2,92,118.0488,4.8992
0,2,93,117.9895,4.8749
0,2,94,118.0319,4.8470
0,2,95,117.9720,4.8849
0,2,96,117.7067,4.9741
0,2,97,117.7658,4.9657
0,2,98,117.7051,5.0217
0,2,99,117.6480,5.0111
0,2,100,117.6278,4.9925
0,2,101,117.6904,4.9424
0,2,102,117.5700,5.0003
0,2,103,117.5628,4.9657
0,2,104,117.5261,4.9678
0,2,105,117.5883,4.9455
0,2,106,117.4081,4.9771
0,2,107,117.5493,5.0171
0,2,108,117.4788,4.9581
0,2,109,117.3698,5.0450
0,2,110,117.3694,5.0413
0,2,111,117.4669,4.9494
0,2,112,117.5551,4.9677
0,2,113,117.3198,5.0234
0,2,114,117.4449,4.9592
0,2,115,117.2924,5.0165
0,2,116,116.9757,5.1697
0,2,117,117.3835,4.8769
0,2,118,117.3828,5.1246
0,2,119,117.2739,4.9883
0,2,120,117.2249,5.0254
0,2,121,117.0217,5.0606
0,2,122,117.0992,5.0840
0,2,123,116.9312,5.0741
0,2,124,116.8903,5.0474
0,2,125,117.0308,5.0663
0,2,126,116.7128,5.0593
0,2,127,116.8513,5.0342
0,2,128,116.7459,5.1377
0,2,129,116.7718,5.0863
0,2,130,116.7839,5.0699
0,2,131,116.8187,5.0984
0,2,132,116.7933,5.1151
0,2,133,116.7797,5.0723
0,2,134,116.8951,5.0022
0,2,135,116.7188,5.1366
0,2,136,116.7559,5.1974
0,2,137,116.8277,5.0806
0,2,138,116.7905,5.1083
0,2,139,116.6358,5.0687
0,2,140,116.5326,5.0953
0,2,141,116.5142,5.1126
0,2,142,116.5257,5.1696
0,2,143,116.6680,5.0676
0,2,144,116.4012,5.1090
0,2,145,116.4795,5.0815
0,2,146,116.5670,5.0715
0,2,147,116.5662,5.1799
0,2,148,116.6447,5.1914
0,2,149,116.7621,5.0978
0,2,150,116.4972,5.1073
0,2,151,116.4742,5.0692
0,2,152,116.3174,5.1155
0,2,153,116.2214,5.1139
0,2,154,116.2385,5.2303
0,2,155,116.3398,5.1635
0,2,156,116.1479,5.2801
0,2,157,116.1729,5.1024
0,2,158,116.1030,5.2192
0,2,159,116.1829,5.0621
0,2,160,116.2005,5.2235
0,2,161,116.2845,5.1707
0,2,162,116.1659,5.1464
0,2,163,116.3503,5.1406
0,2,164,116.1276,5.1833
0,2,165,115.9978,5.2543
0,2,166,116.0875,5.1468
0,2,167,116.3058,5.2234
0,2,168,116.0444,5.2110
0,2,169,115.9098,5.2297
0,2,170,116.0684,5.1486
0,2,171,116.0622,5.2414
0,2,172,115.8978,5.2455
0,2,173,115.8783,5.1959
0,2,174,115.8293,5.2652
0,2,175,115.8433,5.1853
0,2,176,115.7957,5.2433
0,2,177,115.8366,5.0773
0,2,178,115.9171,5.2188
0,2,179,115.8721,5.2049
0,2,180,115.7353,5.1887
0,2,181,115.9245,5.2190
0,2,182,115.7472,5.3188
0,2,183,116.0421,5.2774
0,2,184,115.9465,5.1347
0,2,185,115.7340,5.3208
0,2,186,115.7516,5.2399
0,2,187,115.6593,5.3368
0,2,188,115.5573,5.3098
0,2,189,115.5002,5.3203
0,2,190,115.5680,5.2494
0,2,191,115.5865,5.2208
0,2,192,115.5697,5.2614
0,2,193,115.7844,5.2297
0,2,194,115.7196,5.1613
0,2,195,115.5037,5.2716
0,2,196,115.4426,5.2800
0,2,197,115.4275,5.2995
0,2,198,115.4708,5.2931
0,2,199,115.5160,5.2574
0,2,200,115.3743,5.2771
0,2,201,115.3515,5.4077
0,2,202,115.5372,5.2313
0,2,203,115.4735,5.2843
0,2,204,115.3431,5.3163
0,2,205,115.2992,5.3670
0,2,206,115.3699,5.3083
0,2,207,115.4722,5.2349
0,2,208,115.5637,5.3102
0,2,209,115.3141,5.2484
0,2,210,115.2854,5.3165
0,2,211,115.3061,5.4246
0,2,212,115.2911,5.2927
0,2,213,115.1317,5.3567
0,2,214,115.2543,5.3057
0,2,215,115.1779,5.2646
0,2,216,115.0396,5.3322
0,2,217,114.9598,5.3926
0,2,218,115.1554,5.2884
0,2,219,115.1900,5.3187
0,2,220,115.3953,5.2554
0,2,221,115.0720,5.3673
0,2,222,115.1601,5.3483
0,2,223,115.1660,5.3326
0,2,224,115.0163,5.3344
0,2,225,115.0247,5.3929
0,2,226,115.0261,5.3311
0,2,227,114.9509,5.3272
0,2,228,115.0485,5.3454
0,2,229,115.0129,5.3575
0,2,230,114.9644,5.3431
0,2,231,115.1521,5.2802
0,2,232,114.7939,5.4814
0,2,233,114.8543,5.3224
0,2,234,114.9625,5.4194
0,2,235,115.0693,5.3558
0,2,236,114.8239,5.4929
0,2,237,114.9479,5.3762
0,2,238,115.0821,5.4216
0,2,239,114.9675,5.4953
0,2,240,114.9533,5.3379
0,2,241,114.8896,5.3861
0,2,242,114.8371,5.3719
0,2,243,114.8603,5.3758
0,2,244,114.7316,5.3346
0,2,245,114.7991,5.4757
0,2,246,114.7754,5.4766
0,2,247,114.8690,5.3564
0,2,248,114.8138,5.3835
0,2,249,114.6137,5.4706
0,2,250,114.5438,5.4430
0,2,251,114.7324,5.4356
0,2,252,114.7389,5.3441
0,2,253,114.9220,5.3916
0,2,254,114.7645,5.3502
0,2,255,114.5344,5.4209
0,2,256,114.6882,5.4549
0,2,257,114.6892,5.4578
0,2,258,114.9272,5.3104
0,2,259,114.5568,5.4762
0,2,260,114.5878,5.4162
0,2,261,114.5500,5.5015
0,2,262,114.4402,5.4782
0,2,263,114.4558,5.4285
0,2,264,114.4980,5.4180
0,2,265,114.3732,5.5117
0,2,266,114.6501,5.3758
0,2,267,114.4069,5.5454
0,2,268,114.4542,5.4478
0,2,269,114.3716,5.4829
0,2,270,114.5360,5.4218
0,2,271,114.5153,5.4630
0,2,272,114.5565,5.4281
0,2,273,114.4032,5.4246
0,2,274,114.6812,5.4197
0,2,275,114.2069,5.5519
0,2,276,114.3359,5.5001
0,2,277,114.4081,5.4383
0,2,278,114.4032,5.5629
0,2,279,114.2387,5.4801
0,2,280,114.2025,5.4393
0,2,281,114.2863,5.3971
0,2,282,114.1957,5.5216
0,2,283,114.3645,5.5271
0,2,284,114.3798,5.4309
0,2,285,114.3682,5.3726
0,2,286,114.5070,5.5620
0,2,287,114.1708,5.5425
0,2,288,114.4961,5.3953
0,2,289,114.1327,5.5337
0,2,290,114.3129,5.3646
0,2,291,114.0350,5.5146
0,2,292,114.1813,5.4615
0,2,293,114.1784,5.4822
0,2,294,114.0642,5.4545
0,2,295,114.2871,5.4967
0,2,296,114.3782,5.4809
0,2,297,114.1050,5.5469
0,2,298,114.1339,5.5027
0,2,299,114.1848,5.5065
0,2,300,114.3773,5.4105
0,2,301,114.1352,5.4921
0,2,302,114.3064,5.4234
0,2,303,114.0784,5.5066
0,2,304,114.0667,5.5309
0,2,305,114.1222,5.5215
0,2,306,114.0571,5.5097
0,2,307,113.9862,5.4982
0,2,308,114.0500,5.5099
0,2,309,114.0912,5.4664
0,2,310,114.0664,5.4901
0,2,311,113.9466,5.5701
0,2,312,113.9097,5.5054
0,2,313,114.0267,5.5948
0,2,314,113.8599,5.5009
0,2,315,113.9395,5.4721
0,2,316,113.9840,5.5230
0,2,317,114.0021,5.4568
0,2,318,113.9647,5.5530
0,2,319,113.9441,5.5026
0,2,320,113.9689,5.5262
0,2,321,113.8388,5.5311
0,2,322,114.0439,5.5183
0,2,323,113.8331,5.6089
0,2,324,113.8226,5.5691
0,2,325,113.8660,5.6144
0,2,326,113.9977,5.5536
0,2,327,113.9297,5.4757
0,2,328,114.0846,5.5471
0,2,329,113.8443,5.6084
0,2,330,113.9176,5.5160
0,2,331,113.7406,5.6964
0,2,332,114.0977,5.4738
0,2,333,113.7792,5.5709
0,2,334,113.8276,5.4995
0,2,335,113.8298,5.5018
0,2,336,113.7015,5.5383
0,2,337,113.7181,5.5234
0,2,338,113.6859,5.6185
0,2,339,113.6886,5.6218
0,2,340,113.5445,5.5889
0,2,341,113.6452,5.6618
0,2,342,113.7682,5.6068
0,2,343,113.6379,5.5473
0,2,344,113.5037,5.5752
0,2,345,113.5621,5.6236
0,2,346,113.5511,5.5874
0,2,347,113.5630,5.5731
0,2,348,113.6622,5.5296
0,2,349,113.4753,5.6062
0,2,350,113.7380,5.5320
0,2,351,113.7803,5.6402
0,2,352,113.5717,5.6574
0,2,353,113.7550,5.5582
0,2,354,113.4579,5.6243
0,2,355,113.6037,5.6213
0,2,356,113.6058,5.4888
0,2,357,113.5460,5.6294
0,2,358,113.5621,5.5141
0,2,359,113.6488,5.5696
0,2,360,113.6082,5.5550
0,2,361,113.5521,5.6731
0,2,362,113.5166,5.5972
0,2,363,113.7429,5.6052
0,2,364,113.4539,5.5675
0,2,365,113.3286,5.6558
0,2,366,113.3699,5.6266
0,2,367,113.3696,5.7197
0,2,368,113.3320,5.6022
0,2,369,113.4023,5.6099
0,2,370,113.4412,5.5352
0,2,371,113.4517,5.7269
0,2,372,113.3649,5.5758
0,2,373,113.4206,5.6288
0,2,374,113.4283,5.6044
0,2,375,113.5594,5.6077
0,2,376,113.5095,5.5443
0,2,377,113.5461,5.5800
0,2,378,113.5038,5.5249
0,2,379,113.5512,5.6276
0,2,380,113.6002,5.5905
0,2,381,113.6102,5.5366
0,2,382,113.5785,5.5688
0,2,383,113.3149,5.6661
0,2,384,113.3084,5.6116
0,2,385,113.1154,5.7469
0,2,386,113.2819,5.6330
0,2,387,113.2921,5.6123
0,2,388,113.4310,5.7138
0,2,389,113.3782,5.6888
0,2,390,113.2458,5.6179
0,2,391,113.2922,5.6352
0,2,392,113.3274,5.6740
0,2,393,113.3932,5.5647
0,2,394,113.3368,5.6658
0,2,395,113.3797,5.6062
0,2,396,113.1869,5.6211
0,2,397,113.3111,5.6099
0,2,398,113.3741,5.5501
0,2,399,113.2332,5.7466
0,2,400,113.2612,5.6447
0,3,1,201.0421,1.4265
0,3,2,158.4649,2.4074
0,3,3,153.1680,2.4750
0,3,4,147.8606,2.6513
0,3,5,141.6218,2.8801
0,3,6,137.5970,3.1675
0,3,7,135.0796,3.3791
0,3,8,132.8172,3.5527
0,3,9,131.2347,3.6826
0,3,10,130.1652,3.6694
0,3,11,129.2325,3.7781
0,3,12,128.8566,3.8365
0,3,13,128.1692,3.8066
0,3,14,127.4420,3.9578
0,3,15,126.8351,3.9918
0,3,16,126.6976,3.8742
0,3,17,126.3202,3.9941
0,3,18,126.0951,4.0841
0,3,19,125.5750,4.1405
0,3,20,125.4019,4.1060
0,3,21,124.9543,4.1345
0,3,22,124.7958,4.1717
0,3,23,124.6637,4.1316
0,3,24,124.1908,4.2932
0,3,25,124.0743,4.1747
0,3,26,123.8709,4.2645
0,3,27,123.6496,4.3448
0,3,28,123.5923,4.3125
0,3,29,123.0694,4.3253
0,3,30,124.0314,4.2402
0,3,31,124.2104,4.3392
0,3,32,123.2280,4.3058
0,3,33,122.7554,4.4374
0,3,34,122.4066,4.4118
0,3,35,122.4257,4.4634
0,3,36,122.3201,4.3493
0,3,37,122.4017,4.4392
0,3,38,121.9467,4.4533
0,3,39,122.1290,4.4083
0,3,40,121.9376,4.4407
0,3,41,121.8479,4.3813
0,3,42,121.5744,4.4614
0,3,43,121.6141,4.4967
0,3,44,121.5996,4.3780
0,3,45,121.4386,4.5584
0,3,46,121.2757,4.5604
0,3,47,121.5717,4.5087
0,3,48,121.4562,4.4813
0,3,49,121.1802,4.5325
0,3,50,121.0071,4.5904
0,3,51,120.7503,4.5402
0,3,52,120.9767,4.4898
0,3,53,120.8084,4.5940
0,3,54,120.7317,4.5864
0,3,55,120.6564,4.5909
0,3,56,120.6245,4.5970
0,3,57,120.4973,4.6136
0,3,58,120.2989,4.6209
0,3,59,120.4637,4.6733
0,3,60,120.4629,4.5864
0,3,61,120.2221,4.6532
0,3,62,120.2263,4.5510
0,3,63,120.0702,4.7058
0,3,64,120.0381,4.6952
0,3,65,120.1454,4.5918
0,3,66,119.9722,4.7760
0,3,67,120.1604,4.6215
0,3,68,120.0142,4.6997
0,3,69,119.7200,4.6770
0,3,70,119.7173,4.7617
0,3,71,119.7348,4.7557
0,3,72,119.5931,4.7057
0,3,73,119.7945,4.7125
0,3,74,119.4542,4.7116
0,3,75,119.5723,4.7403
0,3,76,119.6226,4.6973
0,3,77,119.5967,4.6020
0,3,78,119.2826,4.8331
0,3,79,119.2211,4.7715
0,3,80,119.2312,4.7689
0,3,81,119.2605,4.8415
0,3,82,119.3811,4.7995
0,3,83,119.4220,4.7324
0,3,84,119.0627,4.8657
0,3,85,119.1329,4.7042
0,3,86,119.0131,4.8992
0,3,87,119.2663,4.7729
0,3,88,119.1393,4.8550
0,3,89,118.9283,4.7671
0,3,90,118.7407,4.9062
0,3,91,118.7479,4.7988
0,3,92,118.8505,4.8537
0,3,93,118.8397,4.7752
0,3,94,118.7327,4.8592
0,3,95,118.4785,4.8964
0,3,96,118.5231,4.7537
0,3,97,118.5193,4.9307
0,3,98,118.6348,4.8297
0,3,99,118.5979,4.8994
0,3,100,118.4156,4.9202
0,3,101,118.5112,4.8735
0,3,102,118.7106,4.8608
0,3,103,118.6612,4.8725
0,3,104,118.4675,4.8468
0,3,105,118.3863,4.7767
0,3,106,118.3260,4.8545
0,3,107,118.3968,4.8819
0,3,108,118.3614,4.8665
0,3,109,118.2862,4.9413
0,3,110,118.1193,4.8846
0,3,111,118.0891,4.8859
0,3,112,118.2685,4.8607
0,3,113,118.3023,4.8922
0,3,114,118.1742,4.9206
0,3,115,118.0080,4.9118
0,3,116,117.8571,5.0789
0,3,117,117.8975,4.9035
0,3,118,117.7962,4.9753
0,3,119,117.9103,4.9812
0,3,120,117.7499,4.9750
0,3,121,117.8610,5.0875
0,3,122,117.8575,4.9608
0,3,123,117.7952,5.1012
0,3,124,117.8966,4.8670
0,3,125,117.8426,5.0581
0,3,126,117.6440,4.9170
0,3,127,117.6817,5.0068
0,3,128,117.6783,5.0303
0,3,129,117.8545,4.9597
0,3,130,117.6294,4.9675
0,3,131,117.5328,5.0037
0,3,132,117.5009,5.0478
0,3,133,117.2306,5.0781
0,3,134,117.5430,4.9650
0,3,135,117.2815,5.0702
0,3,136,117.3795,5.0029
0,3,137,117.2031,5.0899
0,3,138,117.1600,5.0050
0,3,139,117.1023,5.0813
0,3,140,117.1859,5.0568
0,3,141,117.3644,5.0450
0,3,142,117.2840,4.9594
0,3,143,117.0330,5.0565
0,3,144,117.2164,5.1721
0,3,145,117.4354,5.0501
0,3,146,117.3420,5.1240
0,3,147,116.9625,5.1952
0,3,148,116.9061,5.0554
0,3,149,116.8897,5.0960
0,3,150,116.6276,5.1674
0,3,151,116.8397,5.1214
0,3,152,117.0421,5.0904
0,3,153,116.8584,5.1755
0,3,154,116.7079,5.1421
0,3,155,116.6617,5.1616
0,3,156,116.7656,5.1086
0,3,157,116.8489,5.0599
0,3,158,116.5899,5.1883
0,3,159,116.8486,5.0742
0,3,160,116.6807,5.1049
0,3,161,116.7152,5.0710
0,3,162,116.5929,5.1891
0,3,163,116.4973,5.1446
0,3,164,116.8093,5.1114
0,3,165,116.6566,5.0799
0,3,166,116.5463,5.1532
0,3,167,116.6208,5.1835
0,3,168,116.5715,5.1207
0,3,169,116.5724,5.1394
0,3,170,116.3414,5.2503
0,3,171,116.5071,5.1067
0,3,172,116.6687,5.0992
0,3,173,116.3497,5.1993
0,3,174,116.3882,5.1551
0,3,175,116.4106,5.1658
0,3,176,116.3525,5.2394
0,3,177,116.4594,5.1635
0,3,178,116.2848,5.1777
0,3,179,116.2615,5.2559
0,3,180,116.4233,5.0386
0,3,181,115.9899,5.3029
0,3,182,116.1667,5.2145
0,3,183,116.1540,5.1427
0,3,184,115.8896,5.3312
0,3,185,116.1661,5.1043
0,3,186,116.0351,5.2800
0,3,187,116.2711,5.1037
0,3,188,116.1178,5.2258
0,3,189,115.9793,5.1207
0,3,190,115.9402,5.2297
0,3,191,115.9273,5.3079
0,3,192,116.4349,5.1198
0,3,193,116.3787,5.2480
0,3,194,116.5563,5.2209
0,3,195,115.8619,5.3108
0,3,196,115.8415,5.3024
0,3,197,116.0739,5.2355
0,3,198,116.0957,5.3248
0,3,199,116.0196,5.1629
0,3,200,115.9116,5.2998
0,3,201,116.0491,5.2807
0,3,202,115.7332,5.2720
0,3,203,115.9641,5.2007
0,3,204,116.0436,5.3760
0,3,205,115.8752,5.2006
0,3,206,115.6800,5.4081
0,3,207,115.9176,5.3007
0,3,208,115.6697,5.3711
0,3,209,115.7083,5.2903
0,3,210,115.7424,5.2127
0,3,211,115.5339,5.3471
0,3,212,115.6193,5.2952
0,3,213,115.7044,5.2591
0,3,214,115.5727,5.3210
0,3,215,115.5745,5.3111
0,3,216,115.7088,5.2245
0,3,217,115.4959,5.3292
0,3,218,115.4748,5.2719
0,3,219,115.6417,5.2040
0,3,220,115.3385,5.3005
0,3,221,115.4445,5.3197
0,3,222,115.5405,5.2995
0,3,223,115.3711,5.3340
0,3,224,115.5605,5.2251
0,3,225,115.4344,5.2705
0,3,226,115.3812,5.3888
0,3,227,115.3640,5.3901
0,3,228,115.2315,5.3080
0,3,229,115.3395,5.2868
0,3,230,115.2592,5.4165
0,3,231,115.2839,5.3141
0,3,232,115.4554,5.3556
0,3,233,115.3480,5.3874
0,3,234,115.3188,5.2571
0,3,235,115.1722,5.4265
0,3,236,115.2357,5.2888
0,3,237,115.1114,5.3567
0,3,238,115.1283,5.3105
0,3,239,115.1041,5.3012
0,3,240,115.1451,5.3618
0,3,241,115.0828,5.3538
0,3,242,115.0540,5.3279
0,3,243,115.0358,5.3060
0,3,244,114.9285,5.3632
0,3,245,114.8990,5.3519
0,3,246,114.9044,5.4332
0,3,247,115.0108,5.2996
0,3,248,114.8713,5.3594
0,3,249,114.9911,5.3143
0,3,250,115.0918,5.3043
0,3,251,114.9955,5.4474
0,3,252,114.7719,5.4007
0,3,253,114.9077,5.3945
0,3,254,114.8211,5.3739
0,3,255,114.8661,5.4766
0,3,256,115.0862,5.3765
0,3,257,114.8911,5.3572
0,3,258,114.9688,5.3839
0,3,259,115.0732,5.4407
0,3,260,114.9029,5.4435
0,3,261,114.8888,5.4032
0,3,262,114.7500,5.4910
0,3,263,114.7870,5.3882
0,3,264,114.6373,5.4866
0,3,265,114.7025,5.5000
0,3,266,114.8235,5.3345
0,3,267,114.7069,5.3645
0,3,268,114.5875,5.3870
0,3,269,114.7870,5.3824
0,3,270,114.7892,5.3789
0,3,271,114.5562,5.4701
0,3,272,114.5596,5.4344
0,3,273,114.7062,5.4451
0,3,274,114.8728,5.4034
0,3,275,114.6613,5.4696
0,3,276,114.8964,5.3976
0,3,277,114.7243,5.4621
0,3,278,114.5335,5.4923
0,3,279,114.5141,5.4551
0,3,280,114.5409,5.4424
0,3,281,114.4934,5.5380
0,3,282,114.6743,5.4246
0,3,283,114.4814,5.4392
0,3,284,114.4015,5.5247
0,3,285,114.3344,5.3257
0,3,286,114.2996,5.4643
0,3,287,114.3749,5.4554
0,3,288,114.3814,5.4198
0,3,289,114.4156,5.4385
0,3,290,114.5176,5.4313
0,3,291,114.2248,5.4954
0,3,292,114.4548,5.3825
0,3,293,114.2824,5.5155
0,3,294,114.3594,5.5320
0,3,295,114.1686,5.5678
0,3,296,114.5227,5.4038
0,3,297,114.2992,5.5312
0,3,298,114.3220,5.5918
0,3,299,114.3352,5.5181
0,3,300,114.4643,5.4191
0,3,301,114.2316,5.5243
0,3,302,114.4331,5.5125
0,3,303,114.3538,5.3933
0,3,304,114.4232,5.5099
0,3,305,114.4250,5.4226
0,3,306,114.3412,5.4942
0,3,307,114.1244,5.5627
0,3,308,114.1508,5.4351
0,3,309,114.1303,5.5157
0,3,310,114.1293,5.4888
0,3,311,114.0569,5.6157
0,3,312,114.1608,5.4566
0,3,313,114.1576,5.6089
0,3,314,114.0709,5.5281
0,3,315,114.2627,5.5531
0,3,316,114.1384,5.6401
0,3,317,113.9455,5.6120
0,3,318,114.3323,5.4537
0,3,319,114.2006,5.5057
0,3,320,114.1196,5.4454
0,3,321,114.0495,5.4915
0,3,322,114.0088,5.5428
0,3,323,113.8831,5.5272
0,3,324,114.0732,5.4704
0,3,325,113.9814,5.6397
0,3,326,114.0492,5.5793
0,3,327,114.3192,5.4316
0,3,328,113.9573,5.5546
0,3,329,114.0243,5.5486
0,3,330,113.8944,5.4994
0,3,331,113.7651,5.5502
0,3,332,113.9456,5.5016
0,3,333,114.0726,5.6087
0,3,334,113.8381,5.5196
0,3,335,113.5560,5.6609
0,3,336,113.6600,5.4724
0,3,337,113.6635,5.5617
0,3,338,113.8428,5.5301
0,3,339,113.9792,5.5278
0,3,340,113.8109,5.6580
0,3,341,113.8009,5.5165
0,3,342,113.8100,5.5094
0,3,343,113.7334,5.7400
0,3,344,114.1435,5.4872
0,3,345,113.9734,5.4576
0,3,346,114.0830,5.5410
0,3,347,113.8329,5.5487
0,3,348,113.7132,5.5412
0,3,349,113.6063,5.6640
0,3,350,113.6515,5.5820
0,3,351,113.5798,5.6316
0,3,352,113.5589,5.5767
0,3,353,113.6287,5.4783
0,3,354,113.7695,5.5895
0,3,355,113.6489,5.5295
0,3,356,113.4800,5.6607
0,3,357,113.7618,5.4804
0,3,358,113.6954,5.6321
0,3,359,113.7866,5.5930
0,3,360,113.5607,5.6051
0,3,361,113.6937,5.5030
0,3,362,113.6982,5.5882
0,3,363,113.4307,5.5969
0,3,364,113.6087,5.5315
0,3,365,113.4902,5.6693
0,3,366,113.4765,5.6390
0,3,367,113.4768,5.6073
0,3,368,113.5649,5.6682
0,3,369,113.5248,5.5468
0,3,370,113.3562,5.6492
0,3,371,113.6472,5.5803
0,3,372,113.4205,5.6198
0,3,373,113.4961,5.6169
0,3,374,113.4328,5.7081
0,3,375,113.4019,5.6577
0,3,376,113.6645,5.5233
0,3,377,113.3429,5.6744
0,3,378,113.4381,5.6969
0,3,379,113.4170,5.6724
0,3,380,113.5310,5.5239
0,3,381,113.2753,5.6147
0,3,382,113.3344,5.6270
0,3,383,113.3200,5.5822
0,3,384,113.3236,5.5838
0,3,385,113.3509,5.6567
0,3,386,113.4188,5.6874
0,3,387,113.3804,5.6232
0,3,388,113.2529,5.6429
0,3,389,113.1940,5.6365
0,3,390,113.1541,5.6853
0,3,391,113.1546,5.6446
0,3,392,113.1755,5.6730
0,3,393,113.3999,5.6436
0,3,394,113.4270,5.6433
0,3,395,113.3059,5.6525
0,3,396,113.1999,5.7267
0,3,397,113.3301,5.5048
0,3,398,113.1140,5.6739
0,3,399,113.1383,5.6404
0,3,400,113.0226,5.7020
0,42,1,208.3264,0.8448
0,42,2,160.7550,1.8230
0,42,3,155.8375,1.9879
0,42,4,153.0626,2.0281
0,42,5,147.6255,2.3875
0,42,6,141.3083,2.8923
0,42,7,137.2825,3.2695
0,42,8,134.9965,3.4417
0,42,9,133.2675,3.5561
0,42,10,132.0277,3.6049
0,42,11,131.0543,3.7567
0,42,12,130.1907,3.7949
0,42,13,129.5942,3.8867
0,42,14,128.9290,3.9589
0,42,15,128.4183,3.9346
0,42,16,128.0246,3.9583
0,42,17,127.4657,4.0086
0,42,18,126.8924,4.0375
0,42,19,126.6681,4.0648
0,42,20,126.3928,4.0945
0,42,21,126.1025,4.0737
0,42,22,125.5812,4.1084
0,42,23,125.1520,4.3031
0,42,24,124.9552,4.3228
0,42,25,124.4665,4.2463
0,42,26,124.1472,4.3792
0,42,27,124.0237,4.3232
0,42,28,123.8048,4.3567
0,42,29,123.3836,4.3802
0,42,30,123.0421,4.3695
0,42,31,123.0034,4.3229
0,42,32,122.5514,4.5291
0,42,33,122.3691,4.4888
0,42,34,122.6096,4.4976
0,42,35,121.7644,4.6189
0,42,36,121.8745,4.4492
0,42,37,121.5978,4.5743
0,42,38,121.4896,4.5297
0,42,39,121.4492,4.5051
0,42,40,121.3851,4.5574
0,42,41,121.4223,4.5360
0,42,42,121.0746,4.6950
0,42,43,121.2973,4.5624
0,42,44,121.0251,4.5389
0,42,45,120.8094,4.6751
0,42,46,120.8908,4.6254
0,42,47,120.8426,4.6340
0,42,48,120.5540,4.6735
0,42,49,120.4012,4.6384
0,42,50,120.3518,4.6515
0,42,51,120.2512,4.6984
0,42,52,120.1429,4.6738
0,42,53,120.0807,4.7416
0,42,54,120.1577,4.7329
0,42,55,120.2620,4.7645
0,42,56,120.5422,4.6541
0,42,57,120.1156,4.7094
0,42,58,119.8733,4.7604
0,42,59,119.9256,4.7022
0,42,60,119.7472,4.7293
0,42,61,119.7207,4.6885
0,42,62,119.6973,4.7402
0,42,63,119.5423,4.7510
0,42,64,119.6474,4.7215
0,42,65,119.6798,4.6663
0,42,66,119.8572,4.6412
0,42,67,119.8692,4.7017
0,42,68,119.3345,4.7438
0,42,69,119.5446,4.7220
0,42,70,119.1335,4.7815
0,42,71,119.4612,4.7678
0,42,72,119.2082,4.8404
0,42,73,119.0488,4.7267
0,42,74,118.9560,4.8122
0,42,75,119.1064,4.7839
0,42,76,119.0732,4.7460
0,42,77,119.0397,4.7781
0,42,78,118.9110,4.8837
0,42,79,118.7560,4.7415
0,42,80,118.8847,4.7656
0,42,81,119.0279,4.7375
0,42,82,118.9173,4.7628
0,42,83,118.7096,4.7254
0,42,84,118.7969,4.7705
0,42,85,118.7912,4.8328
0,42,86,118.6841,4.8042
0,42,87,118.7001,4.8041
0,42,88,118.5272,4.8361
0,42,89,118.4220,4.7886
0,42,90,118.6047,4.8595
0,42,91,118.5438,4.7835
0,42,92,118.4596,4.8077
0,42,93,118.5324,4.8029
0,42,94,118.4688,4.7794
0,42,95,118.4213,4.7827
0,42,96,118.3803,4.8550
0,42,97,118.1800,4.8831
0,42,98,118.4940,4.8435
0,42,99,118.1715,5.0106
0,42,100,118.1421,4.8609
0,42,101,118.3656,4.7830
0,42,102,118.2118,4.8298
0,42,103,118.2379,4.9204
0,42,104,118.2143,4.8794
0,42,105,118.1376,4.9418
0,42,106,117.9334,4.9837
0,42,107,118.1265,4.8584
0,42,108,117.9883,4.9122
0,42,109,118.1670,4.9193
0,42,110,118.0388,4.8800
0,42,111,117.8215,4.9213
0,42,112,117.8349,4.8859
0,42,113,117.8450,4.9082
0,42,114,117.7417,4.8665
0,42,115,117.7632,4.9190
0,42,116,117.8199,4.9397
0,42,117,117.7295,4.9847
0,42,118,117.6193,4.9366
0,42,119,117.6937,4.9119
0,42,120,117.6797,4.8894
0,42,121,117.8456,4.8637
0,42,122,117.5360,5.0234
0,42,123,117.5651,4.8794
0,42,124,117.6442,4.9232
0,42,125,117.6238,4.9920
0,42,126,117.5123,4.9092
0,42,127,117.4788,4.9929
0,42,128,117.4795,4.9349
0,42,129,117.4112,5.0139
0,42,130,117.5261,4.8843
0,42,131,117.4681,4.9457
0,42,132,117.7061,4.8589
0,42,133,117.3262,5.0742
0,42,134,117.3725,4.9453
0,42,135,117.1454,5.0741
0,42,136,117.4013,4.9248
0,42,137,117.4658,5.0066
0,42,138,117.3104,4.9635
0,42,139,117.3825,5.0007
0,42,140,117.3385,4.9731
0,42,141,117.0813,5.0866
0,42,142,117.1569,4.9897
0,42,143,116.9879,5.1077
0,42,144,117.0342,4.9636
0,42,145,117.1355,4.9699
0,42,146,117.0818,5.0264
0,42,147,116.9755,5.0097
0,42,148,117.0076,5.0455
0,42,149,116.8936,5.0185
0,42,150,116.8072,5.0903
0,42,151,116.9075,4.9474
0,42,152,116.7909,5.0745
0,42,153,116.8619,4.9981
0,42,154,116.8345,5.0208
0,42,155,116.9018,5.0957
0,42,156,116.8526,4.9966
0,42,157,116.7843,5.0331
0,42,158,116.8079,5.0417
0,42,159,116.6853,5.1094
0,42,160,116.8855,5.0199
0,42,161,116.9042,5.0273
0,42,162,116.8547,5.0536
0,42,163,116.7411,5.0627
0,42,164,116.8549,5.0349
0,42,165,116.7157,5.1281
0,42,166,116.8399,5.0096
0,42,167,116.7470,5.1563
0,42,168,116.6656,5.0369
0,42,169,116.5477,5.0949
0,42,170,116.6746,5.0282
0,42,171,116.7542,5.0850
0,42,172,116.8187,5.0976
0,42,173,116.5289,5.0486
0,42,174,116.5458,5.1043
0,42,175,116.6176,5.0639
0,42,176,116.6400,5.1097
0,42,177,116.6293,5.0681
0,42,178,116.3486,5.1404
0,42,179,116.3875,5.1006
0,42,180,116.4721,5.0717
0,42,181,116.4581,5.0716
0,42,182,116.3237,5.0965
0,42,183,116.4138,5.1155
0,42,184,116.6602,5.0245
0,42,185,116.3664,5.1427
0,42,186,116.2095,5.1964
0,42,187,116.2412,5.1380
0,42,188,116.6473,5.0470
0,42,189,116.2306,5.1111
0,42,190,116.2502,5.0974
0,42,191,116.4196,5.1651
0,42,192,116.4158,5.0679
0,42,193,116.1486,5.1070
0,42,194,116.1740,5.2098
0,42,195,116.2122,5.1832
0,42,196,116.1801,5.0954
0,42,197,116.0908,5.0934
0,42,198,116.1024,5.1526
0,42,199,116.1714,5.1756
0,42,200,116.2167,5.1113
0,42,201,116.0292,5.1930
0,42,202,116.0839,5.0901
0,42,203,116.1334,5.1303
0,42,204,116.0347,5.1890
0,42,205,116.0759,5.1233
0,42,206,116.1488,5.2038
0,42,207,116.0104,5.1649
0,42,208,116.1530,5.1381
0,42,209,116.1424,5.1140
0,42,210,116.0396,5.1424
0,42,211,116.0122,5.2369
0,42,212,116.0872,5.2253
0,42,213,116.0412,5.1446
0,42,214,115.9496,5.1345
0,42,215,115.8691,5.1841
0,42,216,116.0961,5.1938
0,42,217,116.2973,5.0625
0,42,218,116.0042,5.2236
0,42,219,115.9982,5.1447
0,42,220,116.2247,5.2283
0,42,221,116.0996,5.0862
0,42,222,115.8193,5.2292
0,42,223,115.8755,5.1836
0,42,224,115.9155,5.2027
0,42,225,115.6486,5.2536
0,42,226,115.8248,5.1229
0,42,227,115.8343,5.1807
0,42,228,116.0137,5.1795
0,42,229,116.0521,5.2194
0,42,230,115.8124,5.2181
0,42,231,115.7049,5.2118
0,42,232,115.6879,5.2263
0,42,233,115.6943,5.2176
0,42,234,115.6788,5.2540
0,42,235,115.7025,5.1971
0,42,236,115.4965,5.3268
0,42,237,115.6689,5.1914
0,42,238,115.6832,5.1882
0,42,239,115.5729,5.3316
0,42,240,115.7440,5.1605
0,42,241,115.6083,5.2399
0,42,242,115.7691,5.1620
0,42,243,115.4937,5.2946
0,42,244,115.6373,5.1978
0,42,245,115.6345,5.2023
0,42,246,115.6522,5.2184
0,42,247,115.5453,5.2806
0,42,248,115.7275,5.1748
0,42,249,115.5728,5.3228
0,42,250,115.5212,5.2462
0,42,251,115.6982,5.2248
0,42,252,115.4628,5.2090
0,42,253,115.5110,5.1454
0,42,254,115.4055,5.3120
0,42,255,115.4022,5.2404
0,42,256,115.3212,5.2525
0,42,257,115.4366,5.1986
0,42,258,115.5101,5.2604
0,42,259,115.5970,5.2989
0,42,260,115.3839,5.3227
0,42,261,115.5087,5.1798
0,42,262,115.3018,5.2248
0,42,263,115.2353,5.3152
0,42,264,115.3911,5.1098
0,42,265,115.1901,5.2993
0,42,266,115.4167,5.2052
0,42,267,115.3724,5.2669
0,42,268,115.3987,5.2875
0,42,269,115.3514,5.3055
0,42,270,115.2225,5.3651
0,42,271,115.2387,5.2755
0,42,272,115.1917,5.2650
0,42,273,115.2448,5.3211
0,42,274,115.1732,5.3615
0,42,275,115.3934,5.1797
0,42,276,115.2573,5.3961
0,42,277,115.3553,5.2927
0,42,278,115.3235,5.2101
0,42,279,115.0670,5.2765
0,42,280,115.1665,5.3243
0,42,281,115.1189,5.2919
0,42,282,115.2119,5.3093
0,42,283,114.9785,5.4017
0,42,284,115.1854,5.2461
0,42,285,115.1267,5.3657
0,42,286,115.1610,5.2716
0,42,287,115.2303,5.2540
0,42,288,115.2067,5.3737
0,42,289,115.2326,5.2966
0,42,290,115.1295,5.3205
0,42,291,115.3071,5.3268
0,42,292,115.1288,5.2629
0,42,293,115.3241,5.3526
0,42,294,115.1807,5.3014
0,42,295,115.1650,5.2892
0,42,296,114.9642,5.3696
0,42,297,115.0726,5.3447
0,42,298,115.0355,5.2718
0,42,299,115.0049,5.3872
0,42,300,115.1356,5.2354
0,42,301,115.1745,5.2822
0,42,302,114.9169,5.3378
0,42,303,115.0090,5.2759
0,42,304,114.9194,5.3453
0,42,305,114.9611,5.3302
0,42,306,114.8707,5.3232
0,42,307,114.8097,5.3769
0,42,308,114.8835,5.3678
0,42,309,115.1097,5.3154
0,42,310,115.1373,5.3476
0,42,311,115.1410,5.2356
0,42,312,114.8310,5.3866
0,42,313,114.9360,5.3218
0,42,314,114.7556,5.3298
0,42,315,114.7217,5.3782
0,42,316,114.8218,5.2741
0,42,317,114.6876,5.3929
0,42,318,114.8153,5.3609
0,42,319,114.7345,5.4032
0,42,320,114.7331,5.3702
0,42,321,114.7415,5.3721
0,42,322,114.9469,5.4066
0,42,323,114.7641,5.3228
0,42,324,114.6652,5.4445
0,42,325,114.7649,5.3520
0,42,326,114.8281,5.3817
0,42,327,114.9819,5.3376
0,42,328,114.8650,5.4634
0,42,329,114.7054,5.3469
0,42,330,114.6409,5.4664
0,42,331,114.6794,5.3798
0,42,332,114.7230,5.4196
0,42,333,114.7626,5.4010
0,42,334,114.6929,5.3533
0,42,335,114.7402,5.4142
0,42,336,114.7569,5.3208
0,42,337,114.6132,5.3944
0,42,338,114.5673,5.3582
0,42,339,114.6310,5.3059
0,42,340,114.4321,5.3958
0,42,341,114.5999,5.3673
0,42,342,114.5266,5.3973
0,42,343,114.7487,5.4071
0,42,344,114.5769,5.3724
0,42,345,114.5124,5.3988
0,42,346,114.4855,5.3802
0,42,347,114.3590,5.3792
0,42,348,114.4001,5.3582
0,42,349,114.4030,5.4528
0,42,350,114.4425,5.3889
0,42,351,114.4734,5.4262
0,42,352,114.5135,5.4205
0,42,353,114.4855,5.3783
0,42,354,114.4322,5.4894
0,42,355,114.4123,5.3957
0,42,356,114.3311,5.4475
0,42,357,114.4596,5.4148
0,42,358,114.4397,5.4102
0,42,359,114.3581,5.4433
0,42,360,114.6000,5.4198
0,42,361,114.4951,5.4110
0,42,362,114.4337,5.4876
0,42,363,114.3556,5.3925
0,42,364,114.2128,5.4996
0,42,365,114.5031,5.3925
0,42,366,114.3728,5.3973
0,42,367,114.2838,5.5234
0,42,368,114.1604,5.4721
0,42,369,114.1522,5.4571
0,42,370,114.3167,5.4222
0,42,371,114.3713,5.5075
0,42,372,114.2292,5.4485
0,42,373,114.1546,5.4628
0,42,374,114.3314,5.4110
0,42,375,114.3942,5.3736
0,42,376,114.2230,5.5189
0,42,377,114.1949,5.4877
0,42,378,114.1641,5.4512
0,42,379,114.2510,5.4407
0,42,380,114.2518,5.4749
0,42,381,114.1646,5.5101
0,42,382,114.2225,5.4142
0,42,383,114.0758,5.5086
0,42,384,114.0516,5.5037
0,42,385,114.3241,5.5127
0,42,386,114.1201,5.4973
0,42,387,114.0796,5.4407
0,42,388,114.0091,5.5420
0,42,389,114.2326,5.3994
0,42,390,114.1188,5.5444
0,42,391,114.1615,5.4763
0,42,392,114.1109,5.4642
0,42,393,113.9723,5.5084
0,42,394,114.0396,5.4386
0,42,395,113.9700,5.5189
0,42,396,114.0571,5.4708
0,42,397,114.1061,5.4897
0,42,398,113.9808,5.4419
0,42,399,114.0653,5.4239
0,42,400,114.0609,5.5232
200,0,1,191.4044,1.3261
200,0,2,157.1336,3.1996
200,0,3,151.3674,4.3656
200,0,4,144.1423,5.3201
200,0,5,137.7979,6.1061
200,0,6,134.6816,6.5789
200,0,7,133.2298,6.8897
200,0,8,132.0644,7.1766
200,0,9,130.7933,7.3090
200,0,10,129.4438,7.5464
200,0,11,128.3743,7.7594
200,0,12,127.4038,7.7913
200,0,13,126.8170,7.8427
200,0,14,126.3038,7.8741
200,0,15,125.9458,7.8226
200,0,16,125.3845,7.7621
200,0,17,124.7258,7.7169
200,0,18,124.2988,7.7492
200,0,19,123.9148,7.6905
200,0,20,123.5909,7.6146
200,0,21,123.1974,7.6456
200,0,22,122.8870,7.6378
200,0,23,122.6203,7.6142
200,0,24,122.2655,7.5663
200,0,25,122.0699,7.4353
200,0,26,121.7535,7.4014
200,0,27,121.5609,7.4038
200,0,28,121.4873,7.3412
200,0,29,121.4972,7.2451
200,0,30,121.3066,7.2150
200,0,31,121.1398,7.1685
200,0,32,120.8337,7.2090
200,0,33,120.7300,7.1722
200,0,34,120.7038,7.1411
200,0,35,120.4733,7.2140
200,0,36,120.3522,7.0889
200,0,37,120.2662,7.0424
200,0,38,120.3239,7.0364
200,0,39,120.6485,6.9215
200,0,40,120.2988,6.8576
200,0,41,119.9594,6.9926
200,0,42,119.8822,6.9128
200,0,43,119.7083,6.9145
200,0,44,119.8477,6.8311
200,0,45,119.7054,6.8104
200,0,46,119.5860,6.7843
200,0,47,119.7337,6.8245
200,0,48,119.5093,6.7839
200,0,49,119.2885,6.8250
200,0,50,119.1422,6.7722
200,0,51,119.1302,6.6551
200,0,52,119.3753,6.6600
200,0,53,119.0644,6.5783
200,0,54,119.1324,6.6743
200,0,55,118.9241,6.6274
200,0,56,118.8694,6.5604
200,0,57,118.8519,6.6427
200,0,58,118.6496,6.6799
200,0,59,118.6670,6.6562
200,0,60,118.6720,6.5115
200,0,61,118.4995,6.5311
200,0,62,118.4137,6.4835
200,0,63,118.3092,6.4538
200,0,64,118.3535,6.4831
200,0,65,118.8890,6.2990
200,0,66,118.8268,6.3120
200,0,67,118.4699,6.2961
200,0,68,118.2475,6.4336
200,0,69,118.1426,6.4126
200,0,70,118.1113,6.3525
200,0,71,118.2827,6.3100
200,0,72,118.2330,6.3254
200,0,73,118.1616,6.3568
200,0,74,118.1379,6.3744
200,0,75,118.1749,6.2295
200,0,76,117.7846,6.2447
200,0,77,117.5906,6.1817
200,0,78,117.6623,6.2523
200,0,79,117.5831,6.3369
200,0,80,117.7824,6.2008
200,0,81,117.7963,6.2228
200,0,82,117.6231,6.1877
200,0,83,117.6102,6.1687
200,0,84,117.4085,6.2281
200,0,85,117.4644,6.1515
200,0,86,117.5703,6.1644
200,0,87,117.4024,6.1952
200,0,88,117.3060,6.1043
200,0,89,117.2814,6.1950
200,0,90,117.2468,6.2000
200,0,91,117.4468,6.0643
200,0,92,117.2536,6.1331
200,0,93,117.2668,6.1018
200,0,94,117.3532,6.0168
200,0,95,117.3569,6.1406
200,0,96,117.3462,6.0200
200,0,97,117.1717,6.0763
200,0,98,116.9816,6.0263
200,0,99,116.9484,6.0123
200,0,100,117.0237,6.0474
200,0,101,117.2538,6.0856
200,0,102,117.1313,5.9308
200,0,103,117.0408,5.8869
200,0,104,117.1044,6.0288
200,0,105,116.8720,6.0014
200,0,106,116.8161,5.9868
200,0,107,116.7938,6.0275
200,0,108,116.7872,5.9874
200,0,109,116.7042,5.9987
200,0,110,116.7632,5.9187
200,0,111,116.7872,5.9704
200,0,112,116.6329,5.9188
200,0,113,116.6664,5.9775
200,0,114,116.7761,5.8651
200,0,115,116.6497,5.8876
200,0,116,116.5321,5.9782
200,0,117,116.7670,5.8453
200,0,118,116.7054,5.9131
200,0,119,116.6886,5.8150
200,0,120,116.8048,5.8500
200,0,121,116.5438,5.9110
200,0,122,116.6785,5.8381
200,0,123,116.7840,5.8304
200,0,124,116.3624,5.8371
200,0,125,116.3506,5.8777
200,0,126,116.3111,5.8225
200,0,127,116.2774,5.7902
200,0,128,116.5134,5.7763
200,0,129,116.4036,5.8431
200,0,130,116.5726,5.6778
200,0,131,116.4701,5.8462
200,0,132,116.6437,5.7282
200,0,133,116.2666,6.0057
200,0,134,116.2865,5.6892
200,0,135,116.3494,5.7342
200,0,136,116.2119,5.8230
200,0,137,116.3250,5.6643
200,0,138,116.2942,5.6306
200,0,139,116.1559,5.7522
200,0,140,116.1715,5.7162
200,0,141,116.0732,5.7167
200,0,142,116.1607,5.7294
200,0,143,115.9944,5.7075
200,0,144,116.1435,5.6845
200,0,145,116.1141,5.7506
200,0,146,116.0121,5.5915
200,0,147,115.8605,5.6929
200,0,148,115.9531,5.6799
200,0,149,115.8766,5.6581
200,0,150,116.0493,5.6452
200,0,151,115.9556,5.7104
200,0,152,115.9782,5.5692
200,0,153,115.9524,5.6719
200,0,154,115.9526,5.6456
200,0,155,115.8924,5.5660
200,0,156,115.8922,5.5739
200,0,157,115.7021,5.6609
200,0,158,115.8354,5.5588
200,0,159,115.7886,5.6623
200,0,160,115.8572,5.6091
200,0,161,115.7649,5.4258
200,0,162,115.7050,5.6290
200,0,163,115.6990,5.5419
200,0,164,115.7226,5.5294
200,0,165,115.5343,5.5942
200,0,166,115.7558,5.5354
200,0,167,115.7020,5.5487
200,0,168,115.6588,5.4690
200,0,169,115.9064,5.5872
200,0,170,116.0926,5.5192
200,0,171,116.2291,5.5392
200,0,172,115.7996,5.5050
200,0,173,116.0326,5.4558
200,0,174,115.7726,5.5080
200,0,175,115.6493,5.3806
200,0,176,115.7866,5.4355
200,0,177,115.7352,5.4564
200,0,178,115.7036,5.5026
200,0,179,115.7366,5.4609
200,0,180,115.4817,5.5069
200,0,181,115.4648,5.3788
200,0,182,115.4166,5.4690
200,0,183,115.4010,5.4762
200,0,184,115.3938,5.4459
200,0,185,115.4576,5.4579
200,0,186,115.6436,5.4343
200,0,187,115.6640,5.4755
200,0,188,115.6119,5.3747
200,0,189,115.4755,5.4565
200,0,190,115.2836,5.4653
200,0,191,115.5406,5.4094
200,0,192,115.5149,5.4407
200,0,193,115.4730,5.3951
200,0,194,115.4654,5.4876
200,0,195,115.4365,5.4496
200,0,196,115.5284,5.3576
200,0,197,115.2723,5.4004
200,0,198,115.4499,5.3023
200,0,199,115.3151,5.4628
200,0,200,115.4926,5.3267
200,0,201,115.2629,5.5097
200,0,202,115.3544,5.3393
200,0,203,115.4075,5.4845
200,0,204,115.5509,5.3288
200,0,205,115.5106,5.3455
200,0,206,115.3514,5.4174
200,0,207,115.3084,5.3247
200,0,208,115.2609,5.3717
200,0,209,115.2843,5.4051
200,0,210,115.4397,5.4387
200,0,211,115.3484,5.3185
200,0,212,115.2250,5.4088
200,0,213,115.2281,5.3608
200,0,214,115.3711,5.3368
200,0,215,115.1708,5.4351
200,0,216,115.1514,5.4023
200,0,217,115.1558,5.4238
200,0,218,115.4160,5.3450
200,0,219,115.2963,5.4052
200,0,220,115.2751,5.4314
200,0,221,115.4393,5.4103
200,0,222,115.1738,5.4256
200,0,223,114.9462,5.4066
200,0,224,115.0559,5.3982
200,0,225,115.1715,5.3856
200,0,226,115.0933,5.5144
200,0,227,115.2480,5.2968
200,0,228,115.1599,5.4606
200,0,229,114.9524,5.4906
200,0,230,115.0341,5.4007
200,0,231,115.1035,5.4181
200,0,232,114.9262,5.5237
200,0,233,114.8680,5.3791
200,0,234,114.7957,5.3914
200,0,235,114.8864,5.3275
200,0,236,114.9968,5.4277
200,0,237,114.9849,5.4143
200,0,238,114.9929,5.4385
200,0,239,114.9316,5.3195
200,0,240,114.7207,5.4872
200,0,241,114.8580,5.3893
200,0,242,114.6805,5.4253
200,0,243,114.8369,5.4564
200,0,244,114.8659,5.3402
200,0,245,114.8004,5.4221
200,0,246,114.7408,5.4720
200,0,247,114.7064,5.4908
200,0,248,115.0596,5.4097
200,0,249,114.8175,5.4338
200,0,250,114.7952,5.4544
200,0,251,114.8559,5.4596
200,0,252,114.6709,5.4637
200,0,253,114.6958,5.4604
200,0,254,114.7534,5.4327
200,0,255,114.7009,5.4872
200,0,256,114.8434,5.4071
200,0,257,115.0419,5.3976
200,0,258,114.7006,5.4378
200,0,259,114.7063,5.4761
200,0,260,114.8795,5.3904
200,0,261,114.7373,5.5813
200,0,262,114.8711,5.4607
200,0,263,114.7759,5.4126
200,0,264,114.6821,5.5008
200,0,265,114.5141,5.4480
200,0,266,114.6831,5.4912
200,0,267,114.5343,5.4701
200,0,268,114.7357,5.4440
200,0,269,114.3923,5.4851
200,0,270,114.6366,5.4927
200,0,271,114.5446,5.4401
200,0,272,114.5239,5.5324
200,0,273,114.5519,5.4169
200,0,274,114.5600,5.4733
200,0,275,114.5063,5.5386
200,0,276,114.5387,5.4097
200,0,277,114.4872,5.4774
200,0,278,114.4271,5.4406
200,0,279,114.3401,5.4741
200,0,280,114.4240,5.4639
200,0,281,114.5666,5.4198
200,0,282,114.6203,5.4156
200,0,283,114.6573,5.4519
200,0,284,114.3246,5.5564
200,0,285,114.4052,5.4135
200,0,286,114.3281,5.5416
200,0,287,114.2365,5.5675
200,0,288,114.2988,5.4326
200,0,289,114.2470,5.5425
200,0,290,114.3733,5.4976
200,0,291,114.3054,5.4698
200,0,292,114.3291,5.5262
200,0,293,114.5687,5.4946
200,0,294,114.4480,5.4598
200,0,295,114.2429,5.4802
200,0,296,114.3401,5.3972
200,0,297,114.2612,5.4913
200,0,298,114.2106,5.5385
200,0,299,114.2491,5.5926
200,0,300,114.1837,5.4963
200,0,301,114.2589,5.4544
200,0,302,114.2088,5.5201
200,0,303,114.1764,5.5508
200,0,304,114.1949,5.4613
200,0,305,114.1508,5.5056
200,0,306,114.3472,5.5473
200,0,307,114.2747,5.4974
200,0,308,114.0822,5.5875
200,0,309,114.1107,5.4669
200,0,310,114.1352,5.4677
200,0,311,114.0484,5.5525
200,0,312,114.1830,5.5262
200,0,313,114.0790,5.5272
200,0,314,113.9758,5.5409
200,0,315,113.9914,5.4412
200,0,316,114.0804,5.5291
200,0,317,114.0029,5.5593
200,0,318,114.2377,5.4709
200,0,319,113.9920,5.6148
200,0,320,114.0516,5.5226
200,0,321,114.1863,5.5667
200,0,322,114.0082,5.5481
200,0,323,113.9630,5.4766
200,0,324,113.9260,5.5654
200,0,325,113.8396,5.5625
200,0,326,113.8880,5.5717
200,0,327,113.8041,5.6357
200,0,328,113.9399,5.5946
200,0,329,113.9706,5.5323
200,0,330,113.8323,5.5331
200,0,331,113.9319,5.5838
200,0,332,113.9447,5.5101
200,0,333,113.8207,5.5959
200,0,334,113.9315,5.6010
200,0,335,113.6551,5.5702
200,0,336,113.9252,5.4976
200,0,337,114.0123,5.4992
200,0,338,114.0082,5.5494
200,0,339,114.0169,5.6424
200,0,340,113.8984,5.5239
200,0,341,113.7199,5.6916
200,0,342,113.8303,5.5283
200,0,343,113.7861,5.5018
200,0,344,113.9045,5.5207
200,0,345,114.2635,5.5562
200,0,346,113.9263,5.5885
200,0,347,113.9454,5.5771
200,0,348,114.0304,5.5962
200,0,349,113.7462,5.5867
200,0,350,113.6129,5.5236
200,0,351,113.8701,5.5596
200,0,352,113.8632,5.4855
200,0,353,113.6659,5.5734
200,0,354,113.6224,5.5853
200,0,355,113.7061,5.6176
200,0,356,113.7907,5.4988
200,0,357,113.5986,5.5722
200,0,358,113.6344,5.5324
200,0,359,113.6410,5.5943
200,0,360,113.6852,5.5036
200,0,361,113.6295,5.6187
200,0,362,113.8923,5.5907
200,0,363,113.6974,5.5704
200,0,364,113.7031,5.6321
200,0,365,113.6822,5.5310
200,0,366,113.6274,5.6062
200,0,367,113.5904,5.6156
200,0,368,113.6954,5.5785
200,0,369,113.5985,5.6721
200,0,370,113.6981,5.6211
200,0,371,113.7873,5.5476
200,0,372,113.6604,5.5961
200,0,373,113.4786,5.7215
200,0,374,113.5341,5.5663
200,0,375,113.5168,5.5332
200,0,376,113.5971,5.5806
200,0,377,113.4960,5.6607
200,0,378,113.4811,5.5509
200,0,379,113.5751,5.4965
200,0,380,113.5106,5.5807
200,0,381,113.3884,5.6770
200,0,382,113.6880,5.4917
200,0,383,113.4927,5.6213
200,0,384,113.7306,5.5071
200,0,385,113.7532,5.5741
200,0,386,113.6231,5.6282
200,0,387,113.6932,5.6354
200,0,388,113.5095,5.5436
200,0,389,113.4519,5.7211
200,0,390,113.4831,5.5769
200,0,391,113.2644,5.7348
200,0,392,113.3878,5.5538
200,0,393,113.3848,5.6461
200,0,394,113.4415,5.6903
200,0,395,113.3939,5.6369
200,0,396,113.4729,5.5728
200,0,397,113.3681,5.6011
200,0,398,113.5371,5.6673
200,0,399,113.5759,5.6293
200,0,400,113.4870,5.6314
200,1,1,195.7100,1.7438
200,1,2,159.0683,3.2059
200,1,3,151.1180,4.3892
200,1,4,145.1100,5.2592
200,1,5,141.6441,5.8504
200,1,6,139.1671,6.4363
200,1,7,137.1577,6.9207
200,1,8,134.9342,7.3076
200,1,9,132.6788,7.5411
200,1,10,130.7383,7.6888
200,1,11,129.6057,7.7056
200,1,12,128.6974,7.7009
200,1,13,127.9196,7.5845
200,1,14,127.2919,7.6765
200,1,15,126.7886,7.7039
200,1,16,126.3216,7.6537
200,1,17,125.9363,7.6213
200,1,18,125.6800,7.5912
200,1,19,125.2733,7.5169
200,1,20,125.1203,7.4510
200,1,21,124.7757,7.3042
200,1,22,124.5099,7.3182
200,1,23,124.2826,7.2624
200,1,24,124.0409,7.1976
200,1,25,124.0096,7.2294
200,1,26,123.6491,7.1663
200,1,27,123.4760,7.1663
200,1,28,123.1356,7.2613
200,1,29,122.8516,7.2472
200,1,30,122.7481,7.2486
200,1,31,122.5712,7.1389
200,1,32,122.4286,7.0475
200,1,33,122.0938,7.1012
200,1,34,121.9868,7.0426
200,1,35,121.8814,7.0191
200,1,36,121.8510,6.9588
200,1,37,121.7582,6.9609
200,1,38,121.8019,7.0219
200,1,39,121.6141,6.9320
200,1,40,121.6158,6.9175
200,1,41,121.6280,6.9680
200,1,42,121.2749,6.8071
200,1,43,121.1891,6.7996
200,1,44,120.9068,7.0195
200,1,45,120.6816,7.0127
200,1,46,120.5990,6.9558
200,1,47,120.4245,6.8651
200,1,48,120.3126,6.8277
200,1,49,120.4111,6.8517
200,1,50,120.5589,6.7392
200,1,51,120.4367,6.8319
200,1,52,120.0728,6.7756
200,1,53,120.2629,6.7482
200,1,54,119.9642,6.7063
200,1,55,119.9536,6.8565
200,1,56,119.8346,6.8138
200,1,57,119.7761,6.6831
200,1,58,119.7665,6.7607
200,1,59,119.5961,6.7480
200,1,60,119.4375,6.5871
200,1,61,119.5140,6.5953
200,1,62,119.5336,6.6468
200,1,63,119.4011,6.5719
200,1,64,119.2133,6.5045
200,1,65,119.5530,6.5513
200,1,66,119.3933,6.5481
200,1,67,119.1904,6.5064
200,1,68,119.1203,6.4304
200,1,69,119.0340,6.4757
200,1,70,118.8718,6.5410
200,1,71,119.0694,6.4717
200,1,72,118.8353,6.3761
200,1,73,118.8776,6.3416
200,1,74,118.7611,6.4897
200,1,75,118.7269,6.4447
200,1,76,118.6089,6.4515
200,1,77,118.5076,6.4213
200,1,78,118.5096,6.2972
200,1,79,118.4756,6.2800
200,1,80,118.8111,6.4275
200,1,81,118.6458,6.3859
200,1,82,118.4365,6.1844
200,1,83,118.1680,6.3226
200,1,84,118.2658,6.3520
200,1,85,118.3397,6.2639
200,1,86,118.2337,6.2008
200,1,87,118.0829,6.2192
200,1,88,118.1840,6.1919
200,1,89,118.1671,6.3439
200,1,90,118.0365,6.1423
200,1,91,117.9925,6.2302
200,1,92,117.8535,6.2321
200,1,93,117.9636,6.1641
200,1,94,118.5325,6.1869
200,1,95,118.1589,6.1640
200,1,96,118.0389,6.1384
200,1,97,117.9213,6.1169
200,1,98,117.7724,6.0789
200,1,99,117.8026,6.1627
200,1,100,117.7079,6.1426
200,1,101,117.6278,6.0476
200,1,102,117.5618,6.0604
200,1,103,117.5436,6.0557
200,1,104,117.4583,6.1346
200,1,105,117.5184,5.9551
200,1,106,117.3965,6.1363
200,1,107,117.3728,6.0386
200,1,108,117.4861,6.0278
200,1,109,117.7343,6.0388
200,1,110,117.4559,5.9899
200,1,111,117.3145,6.0375
200,1,112,117.3405,5.9835
200,1,113,117.4268,5.9745
200,1,114,117.4476,5.8811
200,1,115,117.2153,6.0213
200,1,116,117.3710,5.9403
200,1,117,117.1776,5.9976
200,1,118,117.3133,5.9058
200,1,119,117.0147,5.9725
200,1,120,117.0075,5.9506
200,1,121,117.0968,5.8117
200,1,122,117.4510,5.9262
200,1,123,117.7212,5.8127
200,1,124,117.4896,5.8451
200,1,125,117.2112,5.8778
200,1,126,117.1154,5.8310
200,1,127,116.9903,5.8624
200,1,128,116.9424,5.9823
200,1,129,116.8786,5.8137
200,1,130,117.0466,5.7859
200,1,131,117.2446,5.8951
200,1,132,117.0437,5.7955
200,1,133,117.1350,5.7714
200,1,134,116.8494,5.8552
200,1,135,116.7658,5.7080
200,1,136,116.7778,5.7780
200,1,137,117.0039,5.7333
200,1,138,116.8307,5.7578
200,1,139,116.9088,5.7945
200,1,140,116.8478,5.7178
200,1,141,116.7604,5.7183
200,1,142,116.6670,5.8465
200,1,143,116.7237,5.6589
200,1,144,116.5779,5.7826
200,1,145,116.5417,5.7933
200,1,146,116.7566,5.6855
200,1,147,116.7458,5.7700
200,1,148,116.7564,5.6799
200,1,149,116.5816,5.7322
200,1,150,116.7356,5.6402
200,1,151,116.5486,5.8343
200,1,152,116.5186,5.7270
200,1,153,116.3955,5.6763
200,1,154,116.3735,5.7402
200,1,155,116.5126,5.6345
200,1,156,116.4226,5.6722
200,1,157,116.4434,5.6637
200,1,158,116.4666,5.7183
200,1,159,116.6972,5.6802
200,1,160,116.7666,5.5642
200,1,161,116.2979,5.6706
200,1,162,116.3215,5.5992
200,1,163,116.2685,5.6655
200,1,164,116.3249,5.6359
200,1,165,116.4134,5.5580
200,1,166,116.4538,5.6681
200,1,167,116.4829,5.4731
200,1,168,116.5259,5.5439
200,1,169,116.5154,5.6718
200,1,170,116.3579,5.5978
200,1,171,116.1927,5.6395
200,1,172,116.3754,5.4884
200,1,173,116.3802,5.6131
200,1,174,116.3142,5.5237
200,1,175,116.5299,5.5163
200,1,176,116.4772,5.4158
200,1,177,116.0442,5.6241
200,1,178,116.1693,5.5935
200,1,179,116.2092,5.5314
200,1,180,116.1588,5.5120
200,1,181,116.2094,5.4933
200,1,182,116.2505,5.4959
200,1,183,116.1873,5.4501
200,1,184,115.8961,5.4595
200,1,185,115.9673,5.4055
200,1,186,115.9289,5.5005
200,1,187,116.2643,5.4717
200,1,188,116.0495,5.4037
200,1,189,115.8227,5.5470
200,1,190,115.8707,5.5434
200,1,191,115.9643,5.5707
200,1,192,115.8097,5.4771
200,1,193,115.8586,5.4439
200,1,194,115.9502,5.4817
200,1,195,115.9038,5.4354
200,1,196,115.9960,5.4195
200,1,197,115.8970,5.4740
200,1,198,116.0514,5.4239
200,1,199,116.2347,5.3766
200,1,200,116.1472,5.4297
200,1,201,115.9471,5.3789
200,1,202,116.0290,5.4878
200,1,203,116.1193,5.3427
200,1,204,115.9214,5.4936
200,1,205,115.9355,5.4845
200,1,206,115.8331,5.4330
200,1,207,115.7696,5.4400
200,1,208,115.7474,5.3744
200,1,209,115.6315,5.4843
200,1,210,115.6974,5.4158
200,1,211,115.8648,5.4896
200,1,212,115.6196,5.4563
200,1,213,115.6791,5.3491
200,1,214,115.5573,5.4447
200,1,215,115.5526,5.4027
200,1,216,115.6196,5.4959
200,1,217,115.7332,5.4543
200,1,218,115.5354,5.4935
200,1,219,115.3872,5.5087
200,1,220,115.4753,5.4156
200,1,221,116.0717,5.3892
200,1,222,115.6723,5.5221
200,1,223,115.8982,5.4122
200,1,224,115.7530,5.3358
200,1,225,115.5344,5.4724
200,1,226,115.4353,5.5244
200,1,227,115.4198,5.4377
200,1,228,115.3324,5.6005
200,1,229,115.4577,5.3925
200,1,230,115.3379,5.5095
200,1,231,115.2450,5.4858
200,1,232,115.4369,5.4434
200,1,233,115.3276,5.4937
200,1,234,115.3130,5.4590
200,1,235,115.6693,5.3661
200,1,236,115.3268,5.5466
200,1,237,115.4533,5.4850
200,1,238,115.4136,5.5042
200,1,239,115.4556,5.4574
200,1,240,115.3855,5.5942
200,1,241,115.2385,5.4553
200,1,242,115.3439,5.4642
200,1,243,115.3559,5.4649
200,1,244,115.2429,5.5228
200,1,245,115.2595,5.4898
200,1,246,115.1346,5.5644
200,1,247,115.1298,5.4634
200,1,248,115.3083,5.4561
200,1,249,115.1413,5.5313
200,1,250,115.0092,5.5244
200,1,251,115.0633,5.5229
200,1,252,115.0644,5.4566
200,1,253,114.9111,5.5796
200,1,254,114.9391,5.4485
200,1,255,115.0403,5.5057
200,1,256,114.9865,5.5062
200,1,257,115.0292,5.5179
200,1,258,115.3762,5.3603
200,1,259,115.0948,5.4988
200,1,260,114.9241,5.4493
200,1,261,114.8986,5.5438
200,1,262,114.9925,5.5518
200,1,263,115.1471,5.3644
200,1,264,114.6935,5.6651
200,1,265,114.8515,5.4505
200,1,266,114.8672,5.4880
200,1,267,114.7220,5.5502
200,1,268,114.7811,5.4821
200,1,269,114.7483,5.5285
200,1,270,114.8200,5.5743
200,1,271,114.9434,5.4578
200,1,272,115.0207,5.5507
200,1,273,114.8801,5.4954
200,1,274,114.7049,5.5346
200,1,275,114.7563,5.5571
200,1,276,114.7813,5.4740
200,1,277,114.6011,5.5688
200,1,278,114.8789,5.5795
200,1,279,114.8318,5.5180
200,1,280,114.7323,5.5197
200,1,281,114.6299,5.5286
200,1,282,114.9570,5.5200
200,1,283,114.7337,5.6124
200,1,284,114.7458,5.4497
200,1,285,114.5733,5.6357
200,1,286,114.6930,5.5274
200,1,287,114.6375,5.6307
200,1,288,114.7495,5.5005
200,1,289,114.5937,5.4662
200,1,290,114.5333,5.6025
200,1,291,114.8476,5.4076
200,1,292,114.7648,5.5152
200,1,293,114.7364,5.5725
200,1,294,114.8981,5.4899
200,1,295,114.7256,5.6162
200,1,296,114.6954,5.5150
200,1,297,114.4762,5.6322
200,1,298,114.5478,5.5897
200,1,299,114.5965,5.5014
200,1,300,114.4699,5.6163
200,1,301,114.5590,5.5710
200,1,302,114.6541,5.4946
200,1,303,114.5198,5.5733
200,1,304,114.6456,5.5875
200,1,305,114.4536,5.5647
200,1,306,114.5129,5.5891
200,1,307,114.5252,5.5248
200,1,308,114.4866,5.5645
200,1,309,114.4645,5.5634
200,1,310,114.4728,5.5224
200,1,311,114.7638,5.5320
200,1,312,114.3923,5.6340
200,1,313,114.4630,5.5628
200,1,314,114.5011,5.6582
200,1,315,114.5393,5.5104
200,1,316,114.5494,5.5242
200,1,317,114.2522,5.6703
200,1,318,114.3132,5.5147
200,1,319,114.1969,5.5744
200,1,320,114.3517,5.5365
200,1,321,114.2183,5.5696
200,1,322,114.2295,5.6549
200,1,323,114.2964,5.5956
200,1,324,114.2760,5.5348
200,1,325,114.3858,5.6170
200,1,326,114.4304,5.5927
200,1,327,114.1487,5.7307
200,1,328,114.1341,5.5488
200,1,329,114.1066,5.6580
200,1,330,114.2199,5.6153
200,1,331,114.1832,5.5776
200,1,332,114.1657,5.6364
200,1,333,114.1895,5.5882
200,1,334,114.2221,5.6386
200,1,335,114.1098,5.5506
200,1,336,114.2905,5.6309
200,1,337,114.3413,5.6637
200,1,338,114.3694,5.5761
200,1,339,114.2837,5.5811
200,1,340,114.2352,5.5520
200,1,341,114.2122,5.6557
200,1,342,114.2645,5.5915
200,1,343,114.1550,5.6125
200,1,344,113.9671,5.6298
200,1,345,113.9030,5.5708
200,1,346,113.9825,5.6279
200,1,347,114.0856,5.6786
200,1,348,114.0607,5.5584
200,1,349,114.0657,5.6349
200,1,350,113.9928,5.6452
200,1,351,113.8108,5.6551
200,1,352,114.0348,5.5524
200,1,353,114.1622,5.6363
200,1,354,114.1259,5.6301
200,1,355,113.8803,5.6557
200,1,356,113.9807,5.5618
200,1,357,113.7897,5.5723
200,1,358,114.1782,5.6086
200,1,359,113.9896,5.6571
200,1,360,114.0118,5.5993
200,1,361,114.0324,5.6813
200,1,362,113.9948,5.6240
200,1,363,113.9608,5.6543
200,1,364,113.8206,5.5968
200,1,365,113.7685,5.7010
200,1,366,113.8899,5.5963
200,1,367,113.8640,5.5605
200,1,368,113.8472,5.6709
200,1,369,113.7037,5.7523
200,1,370,113.8659,5.5764
200,1,371,113.8813,5.6381
200,1,372,113.9619,5.6556
200,1,373,113.8306,5.7325
200,1,374,114.0550,5.5986
200,1,375,113.9113,5.7112
200,1,376,113.9383,5.5585
200,1,377,113.7495,5.6026
200,1,378,113.7866,5.6191
200,1,379,113.9936,5.5945
200,1,380,113.8223,5.6926
200,1,381,113.8589,5.7185
200,1,382,113.8511,5.6460
200,1,383,113.7894,5.7342
200,1,384,113.5913,5.5918
200,1,385,113.7656,5.5732
200,1,386,113.8127,5.7303
200,1,387,113.7014,5.6809
200,1,388,113.6900,5.6435
200,1,389,113.5794,5.7304
200,1,390,113.6761,5.7262
200,1,391,113.5946,5.5739
200,1,392,113.5937,5.7785
200,1,393,113.7272,5.5601
200,1,394,113.7761,5.6796
200,1,395,113.7398,5.6800
200,1,396,113.7171,5.7205
200,1,397,113.5410,5.7846
200,1,398,113.6086,5.6863
200,1,399,113.6601,5.5861
200,1,400,113.6001,5.8004
200,2,1,176.4981,2.7876
200,2,2,153.4390,5.3034
200,2,3,143.7197,6.4696
200,2,4,138.1775,7.1636
200,2,5,134.0678,7.5437
200,2,6,131.2325,7.6905
200,2,7,129.2408,7.8324
200,2,8,128.1468,7.8303
200,2,9,127.2818,7.8589
200,2,10,126.6543,7.8839
200,2,11,126.0683,7.8250
200,2,12,125.3013,7.7313
200,2,13,124.7164,7.7151
200,2,14,124.0320,7.6508
200,2,15,123.6750,7.7025
200,2,16,123.2849,7.7970
200,2,17,122.8214,7.7017
200,2,18,122.4834,7.6748
200,2,19,122.1715,7.5925
200,2,20,122.0367,7.5758
200,2,21,121.6640,7.5647
200,2,22,121.3508,7.3694
200,2,23,121.1444,7.4568
200,2,24,120.9528,7.5353
200,2,25,120.6439,7.4376
200,2,26,120.5625,7.4798
200,2,27,120.3591,7.5673
200,2,28,120.2571,7.4124
200,2,29,120.0026,7.4021
200,2,30,119.9963,7.2528
200,2,31,119.8751,7.2387
200,2,32,119.6562,7.2864
200,2,33,119.5546,7.2732
200,2,34,119.5089,7.3275
200,2,35,119.3999,7.2177
200,2,36,119.1170,7.1711
200,2,37,119.1633,7.3249
200,2,38,119.0826,7.1626
200,2,39,118.9262,7.1565
200,2,40,118.7804,7.1490
200,2,41,118.8887,7.1164
200,2,42,118.9191,7.0885
200,2,43,119.1752,6.9998
200,2,44,119.0790,6.9235
200,2,45,118.8348,6.9056
200,2,46,118.6837,7.0530
200,2,47,118.3716,7.0853
200,2,48,118.2028,6.9898
200,2,49,118.0478,7.0310
200,2,50,118.0241,6.9443
200,2,51,118.1144,6.9597
200,2,52,118.1303,6.8285
200,2,53,117.9762,6.9665
200,2,54,117.8353,6.9118
200,2,55,117.7801,6.8473
200,2,56,117.8086,6.9661
200,2,57,117.6865,6.8444
200,2,58,117.6432,6.7007
200,2,59,117.6239,6.7984
200,2,60,117.6738,6.7119
200,2,61,117.6813,6.7516
200,2,62,117.5090,6.7507
200,2,63,117.4418,6.7172
200,2,64,117.3974,6.7643
200,2,65,117.4996,6.7027
200,2,66,117.6534,6.5276
200,2,67,117.3592,6.6444
200,2,68,117.3494,6.7355
200,2,69,117.1215,6.5050
200,2,70,117.0962,6.5741
200,2,71,117.1951,6.5414
200,2,72,117.1187,6.5751
200,2,73,117.1597,6.4401
200,2,74,117.3335,6.5031
200,2,75,117.2536,6.4111
200,2,76,116.9985,6.5962
200,2,77,117.0156,6.4032
200,2,78,117.0193,6.4012
200,2,79,116.8701,6.4935
200,2,80,116.7764,6.3994
200,2,81,116.8946,6.3639
200,2,82,116.7704,6.3950
200,2,83,116.6701,6.4121
200,2,84,116.6465,6.3371
200,2,85,116.7325,6.3062
200,2,86,116.7938,6.3452
200,2,87,116.7571,6.2113
200,2,88,116.4695,6.3871
200,2,89,116.4523,6.3693
200,2,90,116.6548,6.1832
200,2,91,116.6414,6.3701
200,2,92,116.5451,6.2324
200,2,93,116.5478,6.2825
200,2,94,116.5418,6.2122
200,2,95,116.7194,6.1031
200,2,96,116.5002,6.2711
200,2,97,116.5579,6.2267
200,2,98,116.4964,6.2692
200,2,99,116.3702,6.2062
200,2,100,116.4903,6.2029
200,2,101,116.3303,6.1659
200,2,102,116.4026,6.1248
200,2,103,116.2309,6.2197
200,2,104,116.3880,6.0763
200,2,105,116.2475,6.1733
200,2,106,116.2527,6.0340
200,2,107,116.1565,6.1256
200,2,108,116.0998,6.0727
200,2,109,116.1805,6.1224
200,2,110,116.1852,6.0606
200,2,111,116.2464,5.9625
200,2,112,116.5075,6.0304
200,2,113,116.3142,5.9994
200,2,114,116.2557,5.9439
200,2,115,116.0334,5.9951
200,2,116,115.9703,6.1114
200,2,117,116.2348,5.8714
200,2,118,116.3905,6.0700
200,2,119,116.1381,5.9758
200,2,120,115.9213,5.9873
200,2,121,115.9004,5.9759
200,2,122,116.0726,6.0091
200,2,123,115.8941,5.9457
200,2,124,115.8182,5.9445
200,2,125,115.8697,5.9266
200,2,126,115.7943,5.9219
200,2,127,115.8306,5.8548
200,2,128,115.8829,5.9571
200,2,129,115.8032,5.9453
200,2,130,115.8646,5.9015
200,2,131,116.0286,5.8230
200,2,132,115.8771,5.8648
200,2,133,115.8662,5.8445
200,2,134,115.8066,5.7869
200,2,135,115.7267,5.8508
200,2,136,115.7576,6.0182
200,2,137,115.7813,5.7651
200,2,138,115.8018,5.8354
200,2,139,115.8368,5.7502
200,2,140,115.6864,5.7527
200,2,141,115.6984,5.8300
200,2,142,115.5431,5.8376
200,2,143,115.8844,5.7457
200,2,144,115.7349,5.6781
200,2,145,115.8012,5.7562
200,2,146,115.8227,5.6951
200,2,147,115.7156,5.7980
200,2,148,115.7202,5.7672
200,2,149,115.7685,5.6653
200,2,150,115.6587,5.6866
200,2,151,115.6840,5.6689
200,2,152,115.6808,5.6431
200,2,153,115.5875,5.6626
200,2,154,115.4228,5.7595
200,2,155,115.5613,5.6312
200,2,156,115.3938,5.7727
200,2,157,115.5916,5.6390
200,2,158,115.5635,5.6638
200,2,159,115.5254,5.5962
200,2,160,115.6618,5.6948
200,2,161,115.8353,5.6328
200,2,162,115.6766,5.4791
200,2,163,115.7462,5.6668
200,2,164,115.6874,5.6193
200,2,165,115.5021,5.6371
200,2,166,115.4944,5.5367
200,2,167,115.5238,5.6301
200,2,168,115.4080,5.6648
200,2,169,115.3812,5.5677
200,2,170,115.4878,5.5307
200,2,171,115.4679,5.6047
200,2,172,115.2974,5.5665
200,2,173,115.3509,5.6079
200,2,174,115.4966,5.5826
200,2,175,115.3315,5.5310
200,2,176,115.4684,5.6051
200,2,177,115.3710,5.4316
200,2,178,115.2808,5.5297
200,2,179,115.2667,5.4831
200,2,180,115.3026,5.4649
200,2,181,115.4161,5.5405
200,2,182,115.3961,5.5731
200,2,183,115.4377,5.4726
200,2,184,115.2504,5.4918
200,2,185,115.1541,5.6122
200,2,186,115.4867,5.4159
200,2,187,115.3564,5.6032
200,2,188,115.4032,5.5192
200,2,189,115.3220,5.5206
200,2,190,115.2943,5.4498
200,2,191,115.5245,5.4659
200,2,192,115.5379,5.3808
200,2,193,115.5474,5.4430
200,2,194,115.5333,5.3333
200,2,195,115.3318,5.4769
200,2,196,115.2262,5.3812
200,2,197,115.2077,5.4825
200,2,198,115.2004,5.3971
200,2,199,115.1579,5.3634
200,2,200,115.2930,5.4274
200,2,201,115.3088,5.4656
200,2,202,115.3129,5.4404
200,2,203,115.3618,5.3489
200,2,204,115.2606,5.4500
200,2,205,115.1105,5.4825
200,2,206,115.2352,5.4431
200,2,207,115.4238,5.3039
200,2,208,115.3366,5.4381
200,2,209,115.1726,5.3584
200,2,210,115.0933,5.4361
200,2,211,115.1683,5.4386
200,2,212,114.9542,5.4954
200,2,213,115.0486,5.4101
200,2,214,115.2142,5.4199
200,2,215,115.0706,5.4066
200,2,216,114.9459,5.4350
200,2,217,114.8492,5.5604
200,2,218,115.0534,5.4032
200,2,219,115.0154,5.3694
200,2,220,115.0731,5.3886
200,2,221,114.7037,5.5352
200,2,222,114.9863,5.4394
200,2,223,115.0871,5.4172
200,2,224,114.9745,5.4725
200,2,225,114.9639,5.4805
200,2,226,114.9356,5.4115
200,2,227,114.8543,5.4444
200,2,228,115.0289,5.4170
200,2,229,114.9793,5.4728
200,2,230,115.1739,5.3700
200,2,231,115.1470,5.3959
200,2,232,114.8832,5.5071
200,2,233,114.6158,5.4103
200,2,234,114.9002,5.4640
200,2,235,114.7572,5.4797
200,2,236,114.7531,5.5435
200,2,237,114.8724,5.4125
200,2,238,114.7218,5.5326
200,2,239,114.9039,5.4940
200,2,240,114.7657,5.4565
200,2,241,114.8552,5.4589
200,2,242,114.7702,5.4833
200,2,243,114.7401,5.4729
200,2,244,114.6371,5.4780
200,2,245,114.6950,5.4750
200,2,246,114.4879,5.5401
200,2,247,114.7332,5.4442
200,2,248,114.9170,5.4261
200,2,249,114.6631,5.5089
200,2,250,114.8674,5.4796
200,2,251,114.6446,5.5282
200,2,252,114.6749,5.3282
200,2,253,114.7621,5.5421
200,2,254,114.7108,5.3913
200,2,255,114.6520,5.5419
200,2,256,114.7678,5.5063
200,2,257,114.5137,5.4822
200,2,258,114.5415,5.4853
200,2,259,114.4624,5.4641
200,2,260,114.5164,5.5678
200,2,261,114.6855,5.4542
200,2,262,114.3589,5.5944
200,2,263,114.5969,5.4317
200,2,264,114.4591,5.4318
200,2,265,114.4727,5.5768
200,2,266,114.6652,5.4031
200,2,267,114.6292,5.5360
200,2,268,114.5674,5.5253
200,2,269,114.3131,5.4748
200,2,270,114.5277,5.3968
200,2,271,114.3016,5.5827
200,2,272,114.4511,5.4965
200,2,273,114.3482,5.5224
200,2,274,114.5243,5.4975
200,2,275,114.2509,5.5331
200,2,276,114.2480,5.5541
200,2,277,114.3717,5.5378
200,2,278,114.4232,5.5389
200,2,279,114.2334,5.5118
200,2,280,114.3194,5.4522
200,2,281,114.4403,5.4836
200,2,282,114.1872,5.5609
200,2,283,114.2698,5.5402
200,2,284,114.1337,5.4742
200,2,285,114.3581,5.4707
200,2,286,114.2701,5.5957
200,2,287,114.1538,5.5542
200,2,288,114.1535,5.5250
200,2,289,114.1857,5.5218
200,2,290,114.1821,5.4407
200,2,291,114.0650,5.5347
200,2,292,114.1331,5.4694
200,2,293,114.1033,5.5243
200,2,294,114.0676,5.4899
200,2,295,114.2352,5.5265
200,2,296,114.2071,5.5560
200,2,297,114.0193,5.5360
200,2,298,114.0125,5.5598
200,2,299,114.1564,5.4998
200,2,300,114.3325,5.5293
200,2,301,114.1334,5.4868
200,2,302,114.1985,5.5011
200,2,303,113.9901,5.5529
200,2,304,113.9612,5.6422
200,2,305,114.1390,5.4747
200,2,306,113.9891,5.6141
200,2,307,113.9508,5.5295
200,2,308,113.8839,5.6167
200,2,309,114.0935,5.4449
200,2,310,113.9634,5.6257
200,2,311,114.1015,5.5662
200,2,312,113.9638,5.5280
200,2,313,113.8146,5.6376
200,2,314,113.8641,5.5939
200,2,315,114.0163,5.5397
200,2,316,113.9895,5.5460
200,2,317,114.0547,5.5295
200,2,318,113.9242,5.6112
200,2,319,113.8737,5.5193
200,2,320,114.0316,5.5939
200,2,321,113.8703,5.5822
200,2,322,114.1841,5.5143
200,2,323,113.9950,5.6239
200,2,324,113.8420,5.6258
200,2,325,113.7519,5.6484
200,2,326,113.9240,5.5689
200,2,327,113.7410,5.5449
200,2,328,113.6720,5.6448
200,2,329,113.8096,5.6221
200,2,330,113.8505,5.4903
200,2,331,113.6504,5.6797
200,2,332,113.7599,5.6150
200,2,333,113.7634,5.5613
200,2,334,113.7345,5.5813
200,2,335,113.8198,5.5099
200,2,336,113.6999,5.5502
200,2,337,113.6073,5.5833
200,2,338,113.6705,5.6425
200,2,339,113.6556,5.7222
200,2,340,113.5662,5.5874
200,2,341,113.5426,5.7090
200,2,342,113.6706,5.6128
200,2,343,113.6576,5.5428
200,2,344,113.4176,5.6997
200,2,345,113.5587,5.6081
200,2,346,113.6069,5.6139
200,2,347,113.4996,5.5888
200,2,348,113.5785,5.5636
200,2,349,113.4233,5.6829
200,2,350,113.4951,5.6669
200,2,351,113.5404,5.6429
200,2,352,113.3700,5.6398
200,2,353,113.5905,5.6163
200,2,354,113.4626,5.6107
200,2,355,113.4660,5.6291
200,2,356,113.5294,5.5465
200,2,357,113.4962,5.6542
200,2,358,113.6244,5.5661
200,2,359,113.5916,5.6339
200,2,360,113.4698,5.6061
200,2,361,113.3073,5.7545
200,2,362,113.4161,5.5574
200,2,363,113.5137,5.7143
200,2,364,113.4541,5.6412
200,2,365,113.3154,5.6549
200,2,366,113.4108,5.6188
200,2,367,113.1465,5.7987
200,2,368,113.2830,5.6746
200,2,369,113.4216,5.5571
200,2,370,113.4607,5.6411
200,2,371,113.5055,5.7616
200,2,372,113.3710,5.6803
200,2,373,113.4628,5.6295
200,2,374,113.2675,5.7352
200,2,375,113.4302,5.6465
200,2,376,113.5231,5.6585
200,2,377,113.4261,5.6865
200,2,378,113.3253,5.5577
200,2,379,113.4072,5.7396
200,2,380,113.6435,5.5332
200,2,381,113.6038,5.5816
200,2,382,113.4641,5.6862
200,2,383,113.4049,5.7256
200,2,384,113.3580,5.6508
200,2,385,113.1252,5.7791
200,2,386,113.2233,5.6616
200,2,387,113.1722,5.6917
200,2,388,113.3147,5.7100
200,2,389,113.4026,5.7523
200,2,390,113.2481,5.6047
200,2,391,113.0967,5.7353
200,2,392,113.1505,5.7517
200,2,393,113.2822,5.6767
200,2,394,113.1727,5.7078
200,2,395,113.2248,5.6345
200,2,396,113.1117,5.6587
200,2,397,113.0864,5.7479
200,2,398,113.1687,5.6361
200,2,399,113.0977,5.7204
200,2,400,113.0833,5.7328
200,3,1,200.8885,1.5720
200,3,2,158.0445,3.4253
200,3,3,151.9171,4.7199
200,3,4,145.7008,5.7255
200,3,5,139.6778,6.4103
200,3,6,136.1368,6.7312
200,3,7,133.9271,7.0886
200,3,8,132.0993,7.3374
200,3,9,130.4952,7.5946
200,3,10,129.4059,7.7726
200,3,11,128.6059,7.8258
200,3,12,127.9971,7.8805
200,3,13,127.5481,7.8160
200,3,14,127.0521,7.7474
200,3,15,126.3688,7.6438
200,3,16,126.0664,7.4925
200,3,17,125.6396,7.4333
200,3,18,125.3628,7.3071
200,3,19,124.9721,7.3074
200,3,20,124.6917,7.2979
200,3,21,124.2094,7.2547
200,3,22,124.1368,7.2638
200,3,23,124.1857,7.1243
200,3,24,123.8535,7.0642
200,3,25,123.4121,7.0612
200,3,26,123.1448,7.1568
200,3,27,122.9847,7.0992
200,3,28,123.0292,7.0936
200,3,29,122.4884,7.0151
200,3,30,122.2644,7.0194
200,3,31,122.1107,7.0697
200,3,32,121.9186,7.0048
200,3,33,121.8452,7.0749
200,3,34,121.8972,6.9227
200,3,35,121.5023,6.9916
200,3,36,121.3112,6.9604
200,3,37,121.1363,6.9805
200,3,38,120.8117,6.9733
200,3,39,120.8201,6.9192
200,3,40,120.7451,6.9095
200,3,41,120.6251,6.8668
200,3,42,120.3978,6.8745
200,3,43,120.2179,6.8521
200,3,44,120.1279,6.8015
200,3,45,120.0949,6.7828
200,3,46,120.0312,6.8628
200,3,47,120.1794,6.8777
200,3,48,119.9408,6.6742
200,3,49,119.7003,6.7773
200,3,50,119.6667,6.8010
200,3,51,119.4810,6.8052
200,3,52,119.2769,6.6279
200,3,53,119.0993,6.6894
200,3,54,118.9518,6.8048
200,3,55,118.9742,6.6245
200,3,56,119.2431,6.5725
200,3,57,119.0623,6.5864
200,3,58,119.1107,6.6591
200,3,59,119.3326,6.6837
200,3,60,118.9408,6.4830
200,3,61,118.9824,6.5610
200,3,62,118.7907,6.5498
200,3,63,118.5107,6.5175
200,3,64,118.5770,6.5553
200,3,65,118.6785,6.3844
200,3,66,118.6003,6.5475
200,3,67,118.2266,6.4468
200,3,68,118.0822,6.5514
200,3,69,117.9398,6.4971
200,3,70,117.9822,6.4307
200,3,71,117.8928,6.4587
200,3,72,117.7131,6.4056
200,3,73,117.7854,6.4999
200,3,74,117.7364,6.3826
200,3,75,118.0335,6.3358
200,3,76,117.8743,6.2814
200,3,77,117.7773,6.2130
200,3,78,117.8562,6.2927
200,3,79,117.6138,6.3924
200,3,80,117.5258,6.3646
200,3,81,117.2105,6.3737
200,3,82,117.2631,6.3425
200,3,83,117.3741,6.2854
200,3,84,117.2148,6.3578
200,3,85,117.2502,6.3010
200,3,86,117.2404,6.2649
200,3,87,117.2824,6.1878
200,3,88,117.0685,6.3023
200,3,89,117.0297,6.1927
200,3,90,117.2821,6.2172
200,3,91,117.1592,6.2305
200,3,92,117.3605,6.1701
200,3,93,117.0898,6.0949
200,3,94,117.1832,6.1405
200,3,95,116.9826,6.1633
200,3,96,116.9966,6.1118
200,3,97,116.9621,6.1447
200,3,98,116.6364,6.2153
200,3,99,116.6725,6.1585
200,3,100,116.6550,6.1733
200,3,101,116.8033,6.0887
200,3,102,116.5914,6.1568
200,3,103,116.6620,6.0731
200,3,104,116.6983,6.0124
200,3,105,116.6583,5.9085
200,3,106,116.5577,6.0865
200,3,107,116.6519,5.9703
200,3,108,116.8123,6.0397
200,3,109,116.6145,6.0172
200,3,110,116.4419,5.9312
200,3,111,116.5048,6.0230
200,3,112,116.6011,5.8812
200,3,113,116.4982,5.9460
200,3,114,116.3988,6.0536
200,3,115,116.3917,5.8983
200,3,116,116.3970,5.9959
200,3,117,116.5216,5.9232
200,3,118,116.2936,5.9401
200,3,119,116.2803,6.0732
200,3,120,116.3302,5.8998
200,3,121,116.6179,5.8951
200,3,122,116.6596,5.9617
200,3,123,116.4578,5.8963
200,3,124,116.3720,5.8450
200,3,125,116.4486,5.9538
200,3,126,116.2061,5.7876
200,3,127,116.3125,5.9236
200,3,128,116.2735,5.8780
200,3,129,116.2255,5.7962
200,3,130,116.0775,5.8934
200,3,131,116.0284,5.8490
200,3,132,115.9280,5.8678
200,3,133,115.7788,5.8974
200,3,134,115.9604,5.7228
200,3,135,115.8059,5.8762
200,3,136,116.0924,5.8346
200,3,137,116.1643,5.8307
200,3,138,115.8079,5.7841
200,3,139,115.9278,5.8377
200,3,140,116.0575,5.7929
200,3,141,116.0247,5.6904
200,3,142,116.4497,5.6793
200,3,143,116.0956,5.6608
200,3,144,115.8292,5.8830
200,3,145,115.9029,5.7965
200,3,146,115.8728,5.7961
200,3,147,115.7582,5.7651
200,3,148,115.7706,5.7255
200,3,149,115.6087,5.7297
200,3,150,115.5249,5.7428
200,3,151,115.5913,5.7486
200,3,152,115.6420,5.7486
200,3,153,115.4777,5.7352
200,3,154,115.5563,5.7793
200,3,155,115.5387,5.7720
200,3,156,115.5938,5.6984
200,3,157,115.6323,5.6934
200,3,158,115.6227,5.6888
200,3,159,115.6173,5.5873
200,3,160,115.3658,5.7369
200,3,161,115.6629,5.5933
200,3,162,115.6288,5.6584
200,3,163,115.4723,5.6621
200,3,164,115.6424,5.6411
200,3,165,115.5227,5.6061
200,3,166,115.4629,5.6764
200,3,167,115.5024,5.6120
200,3,168,115.7274,5.6101
200,3,169,115.5752,5.5818
200,3,170,115.2280,5.7680
200,3,171,115.5314,5.5868
200,3,172,115.5429,5.6043
200,3,173,115.4695,5.6101
200,3,174,115.6009,5.5700
200,3,175,115.5435,5.5864
200,3,176,115.5438,5.6422
200,3,177,115.5013,5.6127
200,3,178,115.4761,5.5068
200,3,179,115.3772,5.6134
200,3,180,115.4748,5.5284
200,3,181,115.3651,5.5997
200,3,182,115.3348,5.5345
200,3,183,115.2203,5.4773
200,3,184,115.1056,5.5895
200,3,185,115.2760,5.5069
200,3,186,115.4155,5.4606
200,3,187,115.3788,5.5283
200,3,188,115.3222,5.4880
200,3,189,115.4008,5.4239
200,3,190,115.2409,5.5453
200,3,191,115.3224,5.5195
200,3,192,115.5851,5.4310
200,3,193,115.3602,5.5702
200,3,194,115.4822,5.5033
200,3,195,115.2170,5.5700
200,3,196,115.3476,5.5024
200,3,197,115.2143,5.4844
200,3,198,115.1782,5.5391
200,3,199,115.1909,5.4496
200,3,200,115.2313,5.4929
200,3,201,115.2751,5.4806
200,3,202,115.1309,5.4213
200,3,203,115.1840,5.5261
200,3,204,115.2620,5.4697
200,3,205,115.0023,5.4635
200,3,206,115.1234,5.6130
200,3,207,115.5767,5.5150
200,3,208,115.2487,5.4966
200,3,209,115.1381,5.4151
200,3,210,115.0908,5.4426
200,3,211,115.1084,5.4856
200,3,212,115.1782,5.4196
200,3,213,115.1569,5.4740
200,3,214,114.9302,5.5343
200,3,215,115.1417,5.4878
200,3,216,115.1922,5.4160
200,3,217,114.9532,5.4976
200,3,218,114.9012,5.4073
200,3,219,114.9263,5.5020
200,3,220,114.8298,5.4730
200,3,221,115.0045,5.5420
200,3,222,115.2429,5.4651
200,3,223,115.0216,5.4385
200,3,224,115.1194,5.5380
200,3,225,115.1253,5.4390
200,3,226,115.0301,5.5467
200,3,227,114.9449,5.5410
200,3,228,114.9119,5.4855
200,3,229,114.9609,5.4220
200,3,230,114.6719,5.6328
200,3,231,114.8227,5.4015
200,3,232,114.7787,5.5154
200,3,233,114.5558,5.5267
200,3,234,114.5867,5.4919
200,3,235,114.6256,5.5546
200,3,236,114.5634,5.5003
200,3,237,114.4653,5.5555
200,3,238,114.7404,5.4342
200,3,239,114.7226,5.4927
200,3,240,114.6192,5.5050
200,3,241,114.4876,5.5383
200,3,242,114.4825,5.4942
200,3,243,114.7979,5.4136
200,3,244,114.7948,5.4373
200,3,245,114.4381,5.5826
200,3,246,114.5154,5.5800
200,3,247,114.4991,5.5340
200,3,248,114.6829,5.4025
200,3,249,114.4874,5.5027
200,3,250,114.6880,5.4526
200,3,251,114.5288,5.6540
200,3,252,114.3013,5.5663
200,3,253,114.3895,5.5253
200,3,254,114.5458,5.5223
200,3,255,114.4200,5.6279
200,3,256,114.5732,5.5672
200,3,257,114.5648,5.4692
200,3,258,114.3391,5.6240
200,3,259,114.3456,5.5420
200,3,260,114.3524,5.6455
200,3,261,114.3368,5.4703
200,3,262,114.1184,5.6992
200,3,263,114.3807,5.4855
200,3,264,114.2509,5.6624
200,3,265,114.3280,5.6606
200,3,266,114.4060,5.4910
200,3,267,114.4808,5.4195
200,3,268,114.3194,5.5512
200,3,269,114.4901,5.4693
200,3,270,114.6578,5.4547
200,3,271,114.3684,5.6302
200,3,272,114.2657,5.5510
200,3,273,114.2875,5.6213
200,3,274,114.2724,5.5196
200,3,275,114.2085,5.6386
200,3,276,114.1587,5.6404
200,3,277,114.0443,5.6177
200,3,278,113.9574,5.6646
200,3,279,114.0257,5.6821
200,3,280,114.0966,5.4989
200,3,281,114.1406,5.6776
200,3,282,114.2299,5.5726
200,3,283,114.1753,5.6040
200,3,284,114.3633,5.6572
200,3,285,114.2033,5.4206
200,3,286,114.0521,5.5898
200,3,287,114.0606,5.5655
200,3,288,114.0711,5.6094
200,3,289,114.2578,5.4798
200,3,290,114.1295,5.6310
200,3,291,113.9159,5.5932
200,3,292,114.1060,5.5338
200,3,293,113.8590,5.6275
200,3,294,113.9232,5.6646
200,3,295,114.0329,5.5568
200,3,296,114.1197,5.6097
200,3,297,114.0464,5.6186
200,3,298,113.9364,5.6424
200,3,299,114.0196,5.5958
200,3,300,114.1378,5.5435
200,3,301,114.0435,5.6007
200,3,302,114.0625,5.6025
200,3,303,113.9826,5.5802
200,3,304,114.3292,5.5739
200,3,305,114.0995,5.5876
200,3,306,113.8644,5.6644
200,3,307,113.8977,5.6092
200,3,308,113.7821,5.5916
200,3,309,113.9306,5.5732
200,3,310,114.0128,5.6159
200,3,311,113.7313,5.6795
200,3,312,113.9452,5.5327
200,3,313,114.1194,5.6041
200,3,314,113.8091,5.7189
200,3,315,113.9704,5.6498
200,3,316,113.6893,5.7063
200,3,317,113.6138,5.6390
200,3,318,113.8626,5.5843
200,3,319,113.6688,5.6207
200,3,320,113.8026,5.5456
200,3,321,113.7958,5.5778
200,3,322,113.6380,5.5952
200,3,323,113.8000,5.6294
200,3,324,114.0015,5.6627
200,3,325,113.9112,5.6345
200,3,326,113.8900,5.6458
200,3,327,113.6090,5.7088
200,3,328,113.7565,5.5708
200,3,329,113.6583,5.7162
200,3,330,113.7547,5.6311
200,3,331,113.7913,5.6243
200,3,332,113.5649,5.5871
200,3,333,113.7508,5.6557
200,3,334,113.6382,5.6697
200,3,335,113.3731,5.7781
200,3,336,113.4763,5.6125
200,3,337,113.4257,5.6185
200,3,338,113.4846,5.8031
200,3,339,113.6824,5.5912
200,3,340,113.4509,5.7868
200,3,341,113.5230,5.6289
200,3,342,113.5323,5.6274
200,3,343,113.4843,5.8080
200,3,344,113.5456,5.5844
200,3,345,113.4671,5.6228
200,3,346,113.7275,5.6049
200,3,347,113.6252,5.6479
200,3,348,113.5879,5.6144
200,3,349,113.5081,5.6493
200,3,350,113.4499,5.7500
200,3,351,113.7069,5.5771
200,3,352,113.5170,5.6254
200,3,353,113.7566,5.6149
200,3,354,113.8750,5.6864
200,3,355,113.5171,5.6117
200,3,356,113.5266,5.7019
200,3,357,113.5872,5.5997
200,3,358,113.5064,5.7352
200,3,359,113.4669,5.6827
200,3,360,113.3511,5.6533
200,3,361,113.2511,5.6123
200,3,362,113.4899,5.6399
200,3,363,113.3612,5.6912
200,3,364,113.4097,5.5961
200,3,365,113.2739,5.7202
200,3,366,113.2451,5.7147
200,3,367,113.2597,5.7220
200,3,368,113.2901,5.6978
200,3,369,113.3174,5.6008
200,3,370,113.3128,5.6971
200,3,371,113.4975,5.7010
200,3,372,113.2757,5.7032
200,3,373,113.4776,5.5367
200,3,374,113.2930,5.8707
200,3,375,113.2551,5.7945
200,3,376,113.5513,5.5288
200,3,377,113.2675,5.7718
200,3,378,113.2631,5.7053
200,3,379,113.2895,5.7336
200,3,380,113.4481,5.5783
200,3,381,113.1843,5.7738
200,3,382,113.0878,5.6829
200,3,383,113.1194,5.6970
200,3,384,113.1924,5.6162
200,3,385,113.2041,5.7432
200,3,386,113.1664,5.7917
200,3,387,113.1658,5.7280
200,3,388,113.1521,5.6903
200,3,389,113.0934,5.7150
200,3,390,113.0533,5.7320
200,3,391,113.1151,5.7095
200,3,392,113.0058,5.7202
200,3,393,112.9970,5.7443
200,3,394,113.1429,5.7582
200,3,395,113.0781,5.6978
200,3,396,113.0019,5.7407
200,3,397,112.9799,5.6467
200,3,398,113.1492,5.7300
200,3,399,113.0610,5.7813
200,3,400,113.0374,5.6988
200,42,1,208.2163,0.8810
200,42,2,160.4604,2.2757
200,42,3,154.9844,3.3065
200,42,4,151.0970,4.2148
200,42,5,144.7861,5.1772
200,42,6,139.0377,5.9164
200,42,7,135.8518,6.5516
200,42,8,134.0221,6.9659
200,42,9,132.7032,7.2070
200,42,10,131.5168,7.4217
200,42,11,130.7022,7.5981
200,42,12,129.9104,7.6670
200,42,13,129.3571,7.6976
200,42,14,128.8134,7.7333
200,42,15,128.2355,7.7565
200,42,16,127.6794,7.7348
200,42,17,127.2310,7.6295
200,42,18,126.5853,7.5324
200,42,19,126.2492,7.4099
200,42,20,125.8458,7.3285
200,42,21,125.3539,7.3242
200,42,22,124.9878,7.3446
200,42,23,124.6908,7.3324
200,42,24,124.5422,7.3103
200,42,25,124.2295,7.2957
200,42,26,123.9650,7.3459
200,42,27,123.7866,7.3132
200,42,28,123.4109,7.3213
200,42,29,123.1380,7.3289
200,42,30,122.9784,7.3277
200,42,31,122.7477,7.2193
200,42,32,122.5307,7.1983
200,42,33,122.3659,7.2264
200,42,34,122.2448,7.2936
200,42,35,122.0605,7.3264
200,42,36,121.9127,7.2553
200,42,37,121.8992,7.1795
200,42,38,121.7935,7.1589
200,42,39,121.6857,7.0821
200,42,40,121.3179,7.1582
200,42,41,121.3038,7.1300
200,42,42,120.9533,7.2071
200,42,43,120.9974,7.1313
200,42,44,120.8007,7.1079
200,42,45,120.6785,7.1363
200,42,46,120.5349,7.1025
200,42,47,120.4936,7.0327
200,42,48,120.1244,7.1202
200,42,49,120.1683,7.0886
200,42,50,120.0691,7.0052
200,42,51,119.7207,7.0343
200,42,52,119.6226,7.0641
200,42,53,119.5975,7.0130
200,42,54,119.4370,7.0741
200,42,55,119.5058,7.0653
200,42,56,120.0728,6.9096
200,42,57,119.6340,6.9357
200,42,58,119.3453,6.9230
200,42,59,119.2235,7.0137
200,42,60,119.0445,6.9483
200,42,61,118.9263,6.8307
200,42,62,118.8974,6.7919
200,42,63,119.0030,6.9792
200,42,64,118.6593,7.0383
200,42,65,118.6065,6.8265
200,42,66,118.7520,6.6719
200,42,67,118.5238,6.7781
200,42,68,118.4600,6.7802
200,42,69,118.3729,6.8547
200,42,70,118.3534,6.7805
200,42,71,118.5047,6.7289
200,42,72,118.1389,6.8960
200,42,73,118.1603,6.6863
200,42,74,118.0972,6.6941
200,42,75,118.2998,6.6909
200,42,76,118.3937,6.5711
200,42,77,118.2376,6.5541
200,42,78,117.9428,6.6986
200,42,79,117.9752,6.5742
200,42,80,117.9246,6.4844
200,42,81,117.9888,6.4933
200,42,82,117.8327,6.5880
200,42,83,117.8517,6.4378
200,42,84,117.8500,6.4729
200,42,85,117.7069,6.5582
200,42,86,117.8899,6.4262
200,42,87,117.7720,6.4797
200,42,88,117.7833,6.4722
200,42,89,117.7755,6.4271
200,42,90,117.7193,6.3913
200,42,91,117.7425,6.3745
200,42,92,117.7736,6.3500
200,42,93,117.5792,6.3544
200,42,94,117.4788,6.3571
200,42,95,117.3390,6.3138
200,42,96,117.3816,6.3072
200,42,97,117.4154,6.4265
200,42,98,117.5586,6.3238
200,42,99,117.5953,6.4245
200,42,100,117.2584,6.3904
200,42,101,117.4076,6.2439
200,42,102,117.4604,6.2591
200,42,103,117.6920,6.2631
200,42,104,117.3463,6.3233
200,42,105,117.6225,6.2758
200,42,106,117.8041,6.2217
200,42,107,117.5309,6.2153
200,42,108,117.2762,6.1893
200,42,109,117.0742,6.1450
200,42,110,117.0460,6.2046
200,42,111,116.8817,6.2636
200,42,112,116.9909,6.1629
200,42,113,117.2936,6.1700
200,42,114,117.2150,6.1130
200,42,115,116.9396,6.1959
200,42,116,116.9364,6.1367
200,42,117,116.9655,6.1558
200,42,118,116.8619,6.1367
200,42,119,116.9992,6.0849
200,42,120,116.9136,6.0579
200,42,121,117.0520,5.9999
200,42,122,116.7915,6.1806
200,42,123,116.8622,5.9866
200,42,124,117.2329,6.0055
200,42,125,116.7875,6.1003
200,42,126,116.8278,6.0567
200,42,127,116.8303,5.9992
200,42,128,116.7132,5.9669
200,42,129,116.6335,6.0887
200,42,130,116.6886,5.9135
200,42,131,116.7480,5.9693
200,42,132,116.8859,5.9236
200,42,133,116.5956,6.0409
200,42,134,116.6493,5.9384
200,42,135,116.7379,5.9924
200,42,136,117.1715,5.9362
200,42,137,116.9199,5.8294
200,42,138,116.5220,6.0251
200,42,139,116.5010,5.9350
200,42,140,116.5346,5.9163
200,42,141,116.3430,6.0144
200,42,142,116.5801,5.8917
200,42,143,116.3995,5.9847
200,42,144,116.5608,5.8985
200,42,145,116.5172,5.8967
200,42,146,116.4884,5.8192
200,42,147,116.2514,5.9668
200,42,148,116.4985,5.7977
200,42,149,116.1957,5.8923
200,42,150,116.1183,5.8681
200,42,151,116.2742,5.7972
200,42,152,116.1584,5.9664
200,42,153,116.3023,5.6602
200,42,154,116.2226,5.8434
200,42,155,116.2526,5.8799
200,42,156,116.2057,5.8155
200,42,157,116.1755,5.7807
200,42,158,116.2741,5.7823
200,42,159,116.1873,5.8091
200,42,160,116.2283,5.8178
200,42,161,116.1588,5.8052
200,42,162,116.0111,5.7738
200,42,163,116.1693,5.7368
200,42,164,116.3001,5.7683
200,42,165,116.3295,5.7459
200,42,166,116.3761,5.7280
200,42,167,116.4129,5.7684
200,42,168,116.3463,5.7273
200,42,169,116.2255,5.6832
200,42,170,116.3558,5.6442
200,42,171,116.3786,5.6914
200,42,172,116.3006,5.7350
200,42,173,116.0416,5.6987
200,42,174,115.9514,5.7053
200,42,175,116.1927,5.6112
200,42,176,116.1850,5.6996
200,42,177,116.3857,5.5726
200,42,178,116.0265,5.7142
200,42,179,115.9164,5.6586
200,42,180,115.9031,5.6406
200,42,181,116.2704,5.5601
200,42,182,115.8482,5.6498
200,42,183,115.8901,5.6099
200,42,184,115.9110,5.5698
200,42,185,115.9167,5.6569
200,42,186,115.6883,5.6954
200,42,187,115.7950,5.5683
200,42,188,115.8406,5.6017
200,42,189,115.9584,5.5218
200,42,190,115.7831,5.6654
200,42,191,116.1432,5.6060
200,42,192,115.9607,5.5628
200,42,193,115.7223,5.5896
200,42,194,115.8104,5.5837
200,42,195,115.7496,5.5471
200,42,196,115.9141,5.5588
200,42,197,115.8505,5.5270
200,42,198,115.9731,5.4925
200,42,199,115.6806,5.6637
200,42,200,115.8475,5.5559
200,42,201,115.7113,5.6202
200,42,202,116.1446,5.4453
200,42,203,116.0685,5.4973
200,42,204,115.8361,5.6024
200,42,205,115.7654,5.4695
200,42,206,115.7927,5.5723
200,42,207,115.5790,5.5400
200,42,208,115.6897,5.5587
200,42,209,115.8846,5.5354
200,42,210,115.5384,5.5222
200,42,211,115.5591,5.6151
200,42,212,115.6724,5.6098
200,42,213,115.6136,5.5134
200,42,214,115.6368,5.5183
200,42,215,115.4272,5.5196
200,42,216,115.5040,5.5269
200,42,217,115.5839,5.5608
200,42,218,115.6034,5.4935
200,42,219,115.7082,5.5222
200,42,220,115.7066,5.5445
200,42,221,115.7017,5.4760
200,42,222,115.5559,5.6722
200,42,223,115.5920,5.3701
200,42,224,115.4680,5.5673
200,42,225,115.2680,5.5480
200,42,226,115.2257,5.4838
200,42,227,115.3462,5.5749
200,42,228,115.5303,5.5664
200,42,229,115.6364,5.6046
200,42,230,115.4587,5.4702
200,42,231,115.2118,5.6391
200,42,232,115.2139,5.5298
200,42,233,115.0143,5.5892
200,42,234,115.0694,5.5988
200,42,235,115.0840,5.5860
200,42,236,115.0240,5.6665
200,42,237,115.1194,5.4966
200,42,238,115.2370,5.5310
200,42,239,115.1231,5.6555
200,42,240,115.2562,5.5181
200,42,241,115.0581,5.6355
200,42,242,115.0942,5.4321
200,42,243,114.8849,5.6682
200,42,244,115.0555,5.5131
200,42,245,115.0343,5.5543
200,42,246,115.0623,5.5727
200,42,247,115.0657,5.5901
200,42,248,115.1510,5.5568
200,42,249,114.9954,5.6602
200,42,250,115.0152,5.5936
200,42,251,115.1351,5.5531
200,42,252,114.9287,5.5315
200,42,253,114.9110,5.5955
200,42,254,115.0306,5.4901
200,42,255,115.1287,5.5743
200,42,256,115.0160,5.6082
200,42,257,114.8160,5.5933
200,42,258,114.8717,5.6060
200,42,259,114.8480,5.6611
200,42,260,114.8259,5.5791
200,42,261,115.1183,5.4434
200,42,262,114.6843,5.6564
200,42,263,114.7429,5.6561
200,42,264,114.8719,5.4599
200,42,265,114.5585,5.6516
200,42,266,114.9391,5.5252
200,42,267,114.8681,5.6544
200,42,268,114.8297,5.6611
200,42,269,114.7883,5.6362
200,42,270,114.6064,5.6389
200,42,271,114.4991,5.6476
200,42,272,114.7294,5.5647
200,42,273,114.8305,5.6749
200,42,274,114.9082,5.6430
200,42,275,114.8452,5.5230
200,42,276,114.6388,5.6559
200,42,277,114.6167,5.6071
200,42,278,114.5039,5.6262
200,42,279,114.6325,5.5234
200,42,280,114.6458,5.7125
200,42,281,114.6654,5.5673
200,42,282,114.6671,5.6241
200,42,283,114.5935,5.7056
200,42,284,114.8388,5.5600
200,42,285,114.7699,5.5696
200,42,286,114.6674,5.6335
200,42,287,114.4416,5.6764
200,42,288,114.5107,5.6556
200,42,289,114.5054,5.6685
200,42,290,114.4727,5.5950
200,42,291,114.2868,5.7552
200,42,292,114.3640,5.5273
200,42,293,114.5020,5.7477
200,42,294,114.6763,5.5467
200,42,295,114.5480,5.6206
200,42,296,114.4811,5.6021
200,42,297,114.4889,5.6442
200,42,298,114.5022,5.5897
200,42,299,114.3246,5.6959
200,42,300,114.4845,5.6307
200,42,301,114.5460,5.6245
200,42,302,114.1919,5.7003
200,42,303,114.4503,5.5440
200,42,304,114.3016,5.5591
200,42,305,114.3612,5.7044
200,42,306,114.4354,5.5530
200,42,307,114.1542,5.6848
200,42,308,114.2529,5.7213
200,42,309,114.3632,5.5794
200,42,310,114.2445,5.7028
200,42,311,114.4254,5.6324
200,42,312,114.3829,5.6474
200,42,313,114.1177,5.6911
200,42,314,114.2080,5.5756
200,42,315,114.1572,5.7751
200,42,316,114.1980,5.5903
200,42,317,114.1261,5.6357
200,42,318,114.0904,5.6898
200,42,319,114.0922,5.6580
200,42,320,114.2159,5.6767
200,42,321,113.8757,5.7496
200,42,322,114.1154,5.6615
200,42,323,113.9513,5.6817
200,42,324,114.0715,5.6550
200,42,325,114.0814,5.6900
200,42,326,114.1705,5.5990
200,42,327,114.1147,5.6552
200,42,328,114.1042,5.7510
200,42,329,113.9872,5.6740
200,42,330,114.1730,5.7137
200,42,331,114.1565,5.6614
200,42,332,114.3167,5.6498
200,42,333,114.2812,5.6757
200,42,334,114.3061,5.6754
200,42,335,114.3490,5.6799
200,42,336,114.1563,5.6617
200,42,337,114.2470,5.6641
200,42,338,114.0760,5.6534
200,42,339,113.9204,5.6441
200,42,340,113.7273,5.6040
200,42,341,113.8073,5.7622
200,42,342,113.8616,5.6355
200,42,343,113.8115,5.7428
200,42,344,113.8841,5.6632
200,42,345,113.7682,5.6793
200,42,346,113.9447,5.6764
200,42,347,113.8143,5.7364
200,42,348,113.8210,5.6410
200,42,349,113.7829,5.7179
200,42,350,113.7370,5.6299
200,42,351,113.7887,5.7152
200,42,352,113.9794,5.6835
200,42,353,113.8724,5.6628
200,42,354,114.1015,5.7135
200,42,355,113.9315,5.6656
200,42,356,113.7828,5.7317
200,42,357,113.8409,5.6598
200,42,358,113.6993,5.7226
200,42,359,113.6321,5.6870
200,42,360,113.6888,5.6980
200,42,361,113.7374,5.6948
200,42,362,113.6137,5.6782
200,42,363,113.6543,5.7315
200,42,364,113.6343,5.7483
200,42,365,113.7739,5.6673
200,42,366,113.6386,5.6878
200,42,367,113.6792,5.7949
200,42,368,113.5892,5.7650
200,42,369,113.5636,5.6936
200,42,370,113.5864,5.6549
200,42,371,113.5069,5.7531
200,42,372,113.4395,5.7127
200,42,373,113.6018,5.6511
200,42,374,113.5579,5.6710
200,42,375,113.4352,5.7948
200,42,376,113.5533,5.7358
200,42,377,113.4710,5.7394
200,42,378,113.5298,5.7809
200,42,379,113.5564,5.7156
200,42,380,113.5038,5.7629
200,42,381,113.5703,5.7004
200,42,382,113.5118,5.6965
200,42,383,113.5034,5.6949
200,42,384,113.3971,5.7195
200,42,385,113.6340,5.7322
200,42,386,113.5403,5.7319
200,42,387,113.5713,5.7439
200,42,388,113.6138,5.7636
200,42,389,113.6215,5.7328
200,42,390,113.4716,5.7587
200,42,391,113.4934,5.7949
200,42,392,113.4576,5.7095
200,42,393,113.3205,5.7141
200,42,394,113.4828,5.6739
200,42,395,113.2804,5.8239
200,42,396,113.6280,5.6264
200,42,397,113.3994,5.7857
200,42,398,113.2906,5.7203
200,42,399,113.2727,5.7361
200,42,400,113.2350,5.6876
